county,reporting,yes_votes,yes_percent,no_votes,no_percent,reporting_time,download_timestamp
alameda,0.0% (0 of 521) precincts reporting,0,0.0,0,0.0,"September 14, 2021, 1:34 p.m.",2021-09-15T00:55:00+00:00
alpine,0.0% (0 of 5) precincts reporting,0,0.0,0,0.0,"September 14, 2021, 1:34 p.m.",2021-09-15T00:55:00+00:00
amador,0.0% (0 of 30) precincts reporting,0,0.0,0,0.0,"September 14, 2021, 1:34 p.m.",2021-09-15T00:55:00+00:00
butte,0.0% (0 of 156) precincts reporting,0,0.0,0,0.0,"September 14, 2021, 1:34 p.m.",2021-09-15T00:55:00+00:00
calaveras,0.0% (0 of 29) precincts reporting,0,0.0,0,0.0,"September 14, 2021, 1:34 p.m.",2021-09-15T00:55:00+00:00
colusa,0.0% (0 of 18) precincts reporting,0,0.0,0,0.0,"September 14, 2021, 1:34 p.m.",2021-09-15T00:55:00+00:00
contra-costa,0.0% (0 of 958) precincts reporting,0,0.0,0,0.0,"September 14, 2021, 1:34 p.m.",2021-09-15T00:55:00+00:00
del-norte,0.0% (0 of 18) precincts reporting,0,0.0,0,0.0,"September 14, 2021, 1:34 p.m.",2021-09-15T00:55:00+00:00
el-dorado,0.0% (0 of 103) precincts reporting,0,0.0,0,0.0,"September 14, 2021, 1:34 p.m.",2021-09-15T00:55:00+00:00
fresno,0.0% (0 of 279) precincts reporting,0,0.0,0,0.0,"September 14, 2021, 1:34 p.m.",2021-09-15T00:55:00+00:00
glenn,0.0% (0 of 34) precincts reporting,0,0.0,0,0.0,"September 14, 2021, 1:34 p.m.",2021-09-15T00:55:00+00:00
humboldt,0.0% (0 of 47) precincts reporting,0,0.0,0,0.0,"September 14, 2021, 1:34 p.m.",2021-09-15T00:55:00+00:00
imperial,0.0% (0 of 219) precincts reporting,0,0.0,0,0.0,"September 14, 2021, 1:34 p.m.",2021-09-15T00:55:00+00:00
inyo,0.0% (0 of 20) precincts reporting,0,0.0,0,0.0,"September 14, 2021, 1:34 p.m.",2021-09-15T00:55:00+00:00
kern,0.0% (0 of 727) precincts reporting,0,0.0,0,0.0,"September 14, 2021, 1:34 p.m.",2021-09-15T00:55:00+00:00
kings,0.0% (0 of 30) precincts reporting,0,0.0,0,0.0,"September 14, 2021, 1:34 p.m.",2021-09-15T00:55:00+00:00
lake,0.0% (0 of 70) precincts reporting,0,0.0,0,0.0,"September 14, 2021, 1:34 p.m.",2021-09-15T00:55:00+00:00
lassen,0.0% (0 of 57) precincts reporting,0,0.0,0,0.0,"September 14, 2021, 1:34 p.m.",2021-09-15T00:55:00+00:00
los-angeles,"0.0% (0 of 2,799) precincts reporting",0,0.0,0,0.0,"September 14, 2021, 1:34 p.m.",2021-09-15T00:55:00+00:00
madera,0.0% (0 of 72) precincts reporting,0,0.0,0,0.0,"September 14, 2021, 1:34 p.m.",2021-09-15T00:55:00+00:00
marin,0.0% (0 of 104) precincts reporting,0,0.0,0,0.0,"September 14, 2021, 1:34 p.m.",2021-09-15T00:55:00+00:00
mariposa,0.0% (0 of 25) precincts reporting,0,0.0,0,0.0,"September 14, 2021, 1:34 p.m.",2021-09-15T00:55:00+00:00
mendocino,0.0% (0 of 250) precincts reporting,0,0.0,0,0.0,"September 14, 2021, 1:34 p.m.",2021-09-15T00:55:00+00:00
merced,0.0% (0 of 269) precincts reporting,0,0.0,0,0.0,"September 14, 2021, 1:34 p.m.",2021-09-15T00:55:00+00:00
modoc,0.0% (0 of 21) precincts reporting,0,0.0,0,0.0,"September 14, 2021, 1:34 p.m.",2021-09-15T00:55:00+00:00
mono,0.0% (0 of 12) precincts reporting,0,0.0,0,0.0,"September 14, 2021, 1:34 p.m.",2021-09-15T00:55:00+00:00
monterey,0.0% (0 of 188) precincts reporting,0,0.0,0,0.0,"September 14, 2021, 1:34 p.m.",2021-09-15T00:55:00+00:00
napa,0.0% (0 of 191) precincts reporting,0,0.0,0,0.0,"September 14, 2021, 1:34 p.m.",2021-09-15T00:55:00+00:00
nevada,0.0% (0 of 112) precincts reporting,0,0.0,0,0.0,"September 14, 2021, 1:34 p.m.",2021-09-15T00:55:00+00:00
orange,"0.0% (0 of 1,801) precincts reporting",0,0.0,0,0.0,"September 14, 2021, 1:34 p.m.",2021-09-15T00:55:00+00:00
placer,0.0% (0 of 265) precincts reporting,0,0.0,0,0.0,"September 14, 2021, 1:34 p.m.",2021-09-15T00:55:00+00:00
plumas,0.0% (0 of 29) precincts reporting,0,0.0,0,0.0,"September 14, 2021, 1:34 p.m.",2021-09-15T00:55:00+00:00
riverside,0.0% (0 of 763) precincts reporting,0,0.0,0,0.0,"September 14, 2021, 1:34 p.m.",2021-09-15T00:55:00+00:00
sacramento,0.0% (0 of 602) precincts reporting,0,0.0,0,0.0,"September 14, 2021, 1:34 p.m.",2021-09-15T00:55:00+00:00
san-benito,0.0% (0 of 18) precincts reporting,0,0.0,0,0.0,"September 14, 2021, 1:34 p.m.",2021-09-15T00:55:00+00:00
san-bernardino,"0.0% (0 of 1,749) precincts reporting",0,0.0,0,0.0,"September 14, 2021, 1:34 p.m.",2021-09-15T00:55:00+00:00
san-diego,"0.0% (0 of 1,825) precincts reporting",0,0.0,0,0.0,"September 14, 2021, 1:34 p.m.",2021-09-15T00:55:00+00:00
san-francisco,0.0% (0 of 611) precincts reporting,0,0.0,0,0.0,"September 14, 2021, 1:34 p.m.",2021-09-15T00:55:00+00:00
san-joaquin,0.0% (0 of 269) precincts reporting,0,0.0,0,0.0,"September 14, 2021, 1:34 p.m.",2021-09-15T00:55:00+00:00
san-luis-obispo,0.0% (0 of 93) precincts reporting,0,0.0,0,0.0,"September 14, 2021, 1:34 p.m.",2021-09-15T00:55:00+00:00
san-mateo,0.0% (0 of 338) precincts reporting,0,0.0,0,0.0,"September 14, 2021, 1:34 p.m.",2021-09-15T00:55:00+00:00
santa-barbara,0.0% (0 of 115) precincts reporting,0,0.0,0,0.0,"September 14, 2021, 1:34 p.m.",2021-09-15T00:55:00+00:00
santa-clara,0.0% (0 of 509) precincts reporting,0,0.0,0,0.0,"September 14, 2021, 1:34 p.m.",2021-09-15T00:55:00+00:00
santa-cruz,0.0% (0 of 85) precincts reporting,0,0.0,0,0.0,"September 14, 2021, 1:34 p.m.",2021-09-15T00:55:00+00:00
shasta,0.0% (0 of 98) precincts reporting,0,0.0,0,0.0,"September 14, 2021, 1:34 p.m.",2021-09-15T00:55:00+00:00
sierra,0.0% (0 of 23) precincts reporting,0,0.0,0,0.0,"September 14, 2021, 1:34 p.m.",2021-09-15T00:55:00+00:00
siskiyou,0.0% (0 of 54) precincts reporting,0,0.0,0,0.0,"September 14, 2021, 1:34 p.m.",2021-09-15T00:55:00+00:00
solano,0.0% (0 of 187) precincts reporting,0,0.0,0,0.0,"September 14, 2021, 1:34 p.m.",2021-09-15T00:55:00+00:00
sonoma,0.0% (0 of 324) precincts reporting,0,0.0,0,0.0,"September 14, 2021, 1:34 p.m.",2021-09-15T00:55:00+00:00
stanislaus,0.0% (0 of 87) precincts reporting,0,0.0,0,0.0,"September 14, 2021, 1:34 p.m.",2021-09-15T00:55:00+00:00
statewide,"0.0% (0 of 18,185) precincts reporting",0,0.0,0,0.0,"September 14, 2021, 1:34 p.m.",2021-09-15T00:55:00+00:00
sutter,0.0% (0 of 29) precincts reporting,0,0.0,0,0.0,"September 14, 2021, 1:34 p.m.",2021-09-15T00:55:00+00:00
tehama,0.0% (0 of 33) precincts reporting,0,0.0,0,0.0,"September 14, 2021, 1:34 p.m.",2021-09-15T00:55:00+00:00
trinity,0.0% (0 of 25) precincts reporting,0,0.0,0,0.0,"September 14, 2021, 1:34 p.m.",2021-09-15T00:55:00+00:00
tulare,0.0% (0 of 83) precincts reporting,0,0.0,0,0.0,"September 14, 2021, 1:34 p.m.",2021-09-15T00:55:00+00:00
tuolumne,0.0% (0 of 41) precincts reporting,0,0.0,0,0.0,"September 14, 2021, 1:34 p.m.",2021-09-15T00:55:00+00:00
ventura,0.0% (0 of 697) precincts reporting,0,0.0,0,0.0,"September 14, 2021, 1:34 p.m.",2021-09-15T00:55:00+00:00
yolo,0.0% (0 of 32) precincts reporting,0,0.0,0,0.0,"September 14, 2021, 1:34 p.m.",2021-09-15T00:55:00+00:00
yuba,0.0% (0 of 36) precincts reporting,0,0.0,0,0.0,"September 14, 2021, 1:34 p.m.",2021-09-15T00:55:00+00:00
alameda,0.0% (0 of 521) precincts reporting,0,0.0,0,0.0,"September 14, 2021, 6:56 p.m.",2021-09-15T01:59:07+00:00
alpine,0.0% (0 of 5) precincts reporting,0,0.0,0,0.0,"September 14, 2021, 6:56 p.m.",2021-09-15T01:59:07+00:00
amador,0.0% (0 of 30) precincts reporting,0,0.0,0,0.0,"September 14, 2021, 6:56 p.m.",2021-09-15T01:59:07+00:00
butte,0.0% (0 of 156) precincts reporting,0,0.0,0,0.0,"September 14, 2021, 6:56 p.m.",2021-09-15T01:59:07+00:00
calaveras,0.0% (0 of 29) precincts reporting,0,0.0,0,0.0,"September 14, 2021, 6:56 p.m.",2021-09-15T01:59:07+00:00
colusa,0.0% (0 of 18) precincts reporting,0,0.0,0,0.0,"September 14, 2021, 6:56 p.m.",2021-09-15T01:59:07+00:00
contra-costa,0.0% (0 of 958) precincts reporting,0,0.0,0,0.0,"September 14, 2021, 6:56 p.m.",2021-09-15T01:59:07+00:00
del-norte,0.0% (0 of 18) precincts reporting,0,0.0,0,0.0,"September 14, 2021, 6:56 p.m.",2021-09-15T01:59:07+00:00
el-dorado,0.0% (0 of 103) precincts reporting,0,0.0,0,0.0,"September 14, 2021, 6:56 p.m.",2021-09-15T01:59:07+00:00
fresno,0.0% (0 of 279) precincts reporting,0,0.0,0,0.0,"September 14, 2021, 6:56 p.m.",2021-09-15T01:59:07+00:00
glenn,0.0% (0 of 34) precincts reporting,0,0.0,0,0.0,"September 14, 2021, 6:56 p.m.",2021-09-15T01:59:07+00:00
humboldt,0.0% (0 of 47) precincts reporting,0,0.0,0,0.0,"September 14, 2021, 6:56 p.m.",2021-09-15T01:59:07+00:00
imperial,0.0% (0 of 219) precincts reporting,0,0.0,0,0.0,"September 14, 2021, 6:56 p.m.",2021-09-15T01:59:07+00:00
inyo,0.0% (0 of 20) precincts reporting,0,0.0,0,0.0,"September 14, 2021, 6:56 p.m.",2021-09-15T01:59:07+00:00
kern,0.0% (0 of 727) precincts reporting,0,0.0,0,0.0,"September 14, 2021, 6:56 p.m.",2021-09-15T01:59:07+00:00
kings,0.0% (0 of 30) precincts reporting,0,0.0,0,0.0,"September 14, 2021, 6:56 p.m.",2021-09-15T01:59:07+00:00
lake,0.0% (0 of 70) precincts reporting,0,0.0,0,0.0,"September 14, 2021, 6:56 p.m.",2021-09-15T01:59:07+00:00
lassen,0.0% (0 of 57) precincts reporting,0,0.0,0,0.0,"September 14, 2021, 6:56 p.m.",2021-09-15T01:59:07+00:00
los-angeles,"0.0% (0 of 2,799) precincts reporting",0,0.0,0,0.0,"September 14, 2021, 6:56 p.m.",2021-09-15T01:59:07+00:00
madera,0.0% (0 of 72) precincts reporting,0,0.0,0,0.0,"September 14, 2021, 6:56 p.m.",2021-09-15T01:59:07+00:00
marin,0.0% (0 of 104) precincts reporting,0,0.0,0,0.0,"September 14, 2021, 6:56 p.m.",2021-09-15T01:59:07+00:00
mariposa,0.0% (0 of 25) precincts reporting,0,0.0,0,0.0,"September 14, 2021, 6:56 p.m.",2021-09-15T01:59:07+00:00
mendocino,0.0% (0 of 250) precincts reporting,0,0.0,0,0.0,"September 14, 2021, 6:56 p.m.",2021-09-15T01:59:07+00:00
merced,0.0% (0 of 269) precincts reporting,0,0.0,0,0.0,"September 14, 2021, 6:56 p.m.",2021-09-15T01:59:07+00:00
modoc,0.0% (0 of 21) precincts reporting,0,0.0,0,0.0,"September 14, 2021, 6:56 p.m.",2021-09-15T01:59:07+00:00
mono,0.0% (0 of 12) precincts reporting,0,0.0,0,0.0,"September 14, 2021, 6:56 p.m.",2021-09-15T01:59:07+00:00
monterey,0.0% (0 of 188) precincts reporting,0,0.0,0,0.0,"September 14, 2021, 6:56 p.m.",2021-09-15T01:59:07+00:00
napa,0.0% (0 of 191) precincts reporting,0,0.0,0,0.0,"September 14, 2021, 6:56 p.m.",2021-09-15T01:59:07+00:00
nevada,0.0% (0 of 112) precincts reporting,0,0.0,0,0.0,"September 14, 2021, 6:56 p.m.",2021-09-15T01:59:07+00:00
orange,"0.0% (0 of 1,801) precincts reporting",0,0.0,0,0.0,"September 14, 2021, 6:56 p.m.",2021-09-15T01:59:07+00:00
placer,0.0% (0 of 265) precincts reporting,0,0.0,0,0.0,"September 14, 2021, 6:56 p.m.",2021-09-15T01:59:07+00:00
plumas,0.0% (0 of 29) precincts reporting,0,0.0,0,0.0,"September 14, 2021, 6:56 p.m.",2021-09-15T01:59:07+00:00
riverside,0.0% (0 of 763) precincts reporting,0,0.0,0,0.0,"September 14, 2021, 6:56 p.m.",2021-09-15T01:59:07+00:00
sacramento,0.0% (0 of 602) precincts reporting,0,0.0,0,0.0,"September 14, 2021, 6:56 p.m.",2021-09-15T01:59:07+00:00
san-benito,0.0% (0 of 18) precincts reporting,0,0.0,0,0.0,"September 14, 2021, 6:56 p.m.",2021-09-15T01:59:07+00:00
san-bernardino,"0.0% (0 of 1,749) precincts reporting",0,0.0,0,0.0,"September 14, 2021, 6:56 p.m.",2021-09-15T01:59:07+00:00
san-diego,"0.0% (0 of 1,825) precincts reporting",0,0.0,0,0.0,"September 14, 2021, 6:56 p.m.",2021-09-15T01:59:07+00:00
san-francisco,0.0% (0 of 611) precincts reporting,0,0.0,0,0.0,"September 14, 2021, 6:56 p.m.",2021-09-15T01:59:07+00:00
san-joaquin,0.0% (0 of 269) precincts reporting,0,0.0,0,0.0,"September 14, 2021, 6:56 p.m.",2021-09-15T01:59:07+00:00
san-luis-obispo,0.0% (0 of 93) precincts reporting,0,0.0,0,0.0,"September 14, 2021, 6:56 p.m.",2021-09-15T01:59:07+00:00
san-mateo,0.0% (0 of 338) precincts reporting,0,0.0,0,0.0,"September 14, 2021, 6:56 p.m.",2021-09-15T01:59:07+00:00
santa-barbara,0.0% (0 of 115) precincts reporting,0,0.0,0,0.0,"September 14, 2021, 6:56 p.m.",2021-09-15T01:59:07+00:00
santa-clara,0.0% (0 of 509) precincts reporting,0,0.0,0,0.0,"September 14, 2021, 6:56 p.m.",2021-09-15T01:59:07+00:00
santa-cruz,0.0% (0 of 85) precincts reporting,0,0.0,0,0.0,"September 14, 2021, 6:56 p.m.",2021-09-15T01:59:07+00:00
shasta,0.0% (0 of 98) precincts reporting,0,0.0,0,0.0,"September 14, 2021, 6:56 p.m.",2021-09-15T01:59:07+00:00
sierra,0.0% (0 of 23) precincts reporting,0,0.0,0,0.0,"September 14, 2021, 6:56 p.m.",2021-09-15T01:59:07+00:00
siskiyou,0.0% (0 of 54) precincts reporting,0,0.0,0,0.0,"September 14, 2021, 6:56 p.m.",2021-09-15T01:59:07+00:00
solano,0.0% (0 of 187) precincts reporting,0,0.0,0,0.0,"September 14, 2021, 6:56 p.m.",2021-09-15T01:59:07+00:00
sonoma,0.0% (0 of 324) precincts reporting,0,0.0,0,0.0,"September 14, 2021, 6:56 p.m.",2021-09-15T01:59:07+00:00
stanislaus,0.0% (0 of 87) precincts reporting,0,0.0,0,0.0,"September 14, 2021, 6:56 p.m.",2021-09-15T01:59:07+00:00
statewide,"0.0% (0 of 18,185) precincts reporting",0,0.0,0,0.0,"September 14, 2021, 6:56 p.m.",2021-09-15T01:59:07+00:00
sutter,0.0% (0 of 29) precincts reporting,0,0.0,0,0.0,"September 14, 2021, 6:56 p.m.",2021-09-15T01:59:07+00:00
tehama,0.0% (0 of 33) precincts reporting,0,0.0,0,0.0,"September 14, 2021, 6:56 p.m.",2021-09-15T01:59:07+00:00
trinity,0.0% (0 of 25) precincts reporting,0,0.0,0,0.0,"September 14, 2021, 6:56 p.m.",2021-09-15T01:59:07+00:00
tulare,0.0% (0 of 83) precincts reporting,0,0.0,0,0.0,"September 14, 2021, 6:56 p.m.",2021-09-15T01:59:07+00:00
tuolumne,0.0% (0 of 41) precincts reporting,0,0.0,0,0.0,"September 14, 2021, 6:56 p.m.",2021-09-15T01:59:07+00:00
ventura,0.0% (0 of 697) precincts reporting,0,0.0,0,0.0,"September 14, 2021, 6:56 p.m.",2021-09-15T01:59:07+00:00
yolo,0.0% (0 of 32) precincts reporting,0,0.0,0,0.0,"September 14, 2021, 6:56 p.m.",2021-09-15T01:59:07+00:00
yuba,0.0% (0 of 36) precincts reporting,0,0.0,0,0.0,"September 14, 2021, 6:56 p.m.",2021-09-15T01:59:07+00:00
alameda,0.0% (0 of 521) precincts reporting,0,0.0,0,0.0,"September 14, 2021, 8:01 p.m.",2021-09-15T03:04:14+00:00
alpine,0.0% (0 of 5) precincts reporting,0,0.0,0,0.0,"September 14, 2021, 8:01 p.m.",2021-09-15T03:04:14+00:00
amador,0.0% (0 of 30) precincts reporting,0,0.0,0,0.0,"September 14, 2021, 8:01 p.m.",2021-09-15T03:04:14+00:00
butte,0.0% (0 of 156) precincts reporting,0,0.0,0,0.0,"September 14, 2021, 8:01 p.m.",2021-09-15T03:04:14+00:00
calaveras,0.0% (0 of 29) precincts reporting,0,0.0,0,0.0,"September 14, 2021, 8:01 p.m.",2021-09-15T03:04:14+00:00
colusa,0.0% (0 of 18) precincts reporting,0,0.0,0,0.0,"September 14, 2021, 8:01 p.m.",2021-09-15T03:04:14+00:00
contra-costa,0.0% (0 of 958) precincts reporting,0,0.0,0,0.0,"September 14, 2021, 8:01 p.m.",2021-09-15T03:04:14+00:00
del-norte,0.0% (0 of 18) precincts reporting,0,0.0,0,0.0,"September 14, 2021, 8:01 p.m.",2021-09-15T03:04:14+00:00
el-dorado,0.0% (0 of 103) precincts reporting,0,0.0,0,0.0,"September 14, 2021, 8:01 p.m.",2021-09-15T03:04:14+00:00
fresno,0.0% (0 of 279) precincts reporting,0,0.0,0,0.0,"September 14, 2021, 8:01 p.m.",2021-09-15T03:04:14+00:00
glenn,0.0% (0 of 34) precincts reporting,0,0.0,0,0.0,"September 14, 2021, 8:01 p.m.",2021-09-15T03:04:14+00:00
humboldt,0.0% (0 of 47) precincts reporting,0,0.0,0,0.0,"September 14, 2021, 8:01 p.m.",2021-09-15T03:04:14+00:00
imperial,0.0% (0 of 219) precincts reporting,0,0.0,0,0.0,"September 14, 2021, 8:01 p.m.",2021-09-15T03:04:14+00:00
inyo,0.0% (0 of 20) precincts reporting,0,0.0,0,0.0,"September 14, 2021, 8:01 p.m.",2021-09-15T03:04:14+00:00
kern,0.0% (0 of 727) precincts reporting,0,0.0,0,0.0,"September 14, 2021, 8:01 p.m.",2021-09-15T03:04:14+00:00
kings,0.0% (0 of 30) precincts reporting,0,0.0,0,0.0,"September 14, 2021, 8:01 p.m.",2021-09-15T03:04:14+00:00
lake,0.0% (0 of 70) precincts reporting,0,0.0,0,0.0,"September 14, 2021, 8:01 p.m.",2021-09-15T03:04:14+00:00
lassen,0.0% (0 of 57) precincts reporting,0,0.0,0,0.0,"September 14, 2021, 8:01 p.m.",2021-09-15T03:04:14+00:00
los-angeles,"0.0% (0 of 2,799) precincts reporting",0,0.0,0,0.0,"September 14, 2021, 8:01 p.m.",2021-09-15T03:04:14+00:00
madera,0.0% (0 of 72) precincts reporting,0,0.0,0,0.0,"September 14, 2021, 8:01 p.m.",2021-09-15T03:04:14+00:00
marin,0.0% (0 of 104) precincts reporting,0,0.0,0,0.0,"September 14, 2021, 8:01 p.m.",2021-09-15T03:04:14+00:00
mariposa,0.0% (0 of 25) precincts reporting,0,0.0,0,0.0,"September 14, 2021, 8:01 p.m.",2021-09-15T03:04:14+00:00
mendocino,0.0% (0 of 250) precincts reporting,0,0.0,0,0.0,"September 14, 2021, 8:01 p.m.",2021-09-15T03:04:14+00:00
merced,0.0% (0 of 269) precincts reporting,0,0.0,0,0.0,"September 14, 2021, 8:01 p.m.",2021-09-15T03:04:14+00:00
modoc,0.0% (0 of 21) precincts reporting,0,0.0,0,0.0,"September 14, 2021, 8:01 p.m.",2021-09-15T03:04:14+00:00
mono,0.0% (0 of 12) precincts reporting,0,0.0,0,0.0,"September 14, 2021, 8:01 p.m.",2021-09-15T03:04:14+00:00
monterey,0.0% (0 of 188) precincts reporting,0,0.0,0,0.0,"September 14, 2021, 8:01 p.m.",2021-09-15T03:04:14+00:00
napa,96.9% (185 of 191) precincts reporting,10308,28.4,26011,71.6,"September 14, 2021, 8:01 p.m.",2021-09-15T03:04:14+00:00
nevada,0.0% (0 of 112) precincts reporting,0,0.0,0,0.0,"September 14, 2021, 8:01 p.m.",2021-09-15T03:04:14+00:00
orange,"0.0% (0 of 1,801) precincts reporting",0,0.0,0,0.0,"September 14, 2021, 8:01 p.m.",2021-09-15T03:04:14+00:00
placer,0.0% (0 of 265) precincts reporting,0,0.0,0,0.0,"September 14, 2021, 8:01 p.m.",2021-09-15T03:04:14+00:00
plumas,0.0% (0 of 29) precincts reporting,0,0.0,0,0.0,"September 14, 2021, 8:01 p.m.",2021-09-15T03:04:14+00:00
riverside,0.0% (0 of 763) precincts reporting,0,0.0,0,0.0,"September 14, 2021, 8:01 p.m.",2021-09-15T03:04:14+00:00
sacramento,0.0% (0 of 602) precincts reporting,0,0.0,0,0.0,"September 14, 2021, 8:01 p.m.",2021-09-15T03:04:14+00:00
san-benito,0.0% (0 of 18) precincts reporting,0,0.0,0,0.0,"September 14, 2021, 8:01 p.m.",2021-09-15T03:04:14+00:00
san-bernardino,"0.0% (0 of 1,749) precincts reporting",0,0.0,0,0.0,"September 14, 2021, 8:01 p.m.",2021-09-15T03:04:14+00:00
san-diego,"0.0% (0 of 1,825) precincts reporting",0,0.0,0,0.0,"September 14, 2021, 8:01 p.m.",2021-09-15T03:04:14+00:00
san-francisco,0.0% (0 of 611) precincts reporting,0,0.0,0,0.0,"September 14, 2021, 8:01 p.m.",2021-09-15T03:04:14+00:00
san-joaquin,0.0% (0 of 269) precincts reporting,0,0.0,0,0.0,"September 14, 2021, 8:01 p.m.",2021-09-15T03:04:14+00:00
san-luis-obispo,0.0% (0 of 93) precincts reporting,0,0.0,0,0.0,"September 14, 2021, 8:01 p.m.",2021-09-15T03:04:14+00:00
san-mateo,0.0% (0 of 338) precincts reporting,0,0.0,0,0.0,"September 14, 2021, 8:01 p.m.",2021-09-15T03:04:14+00:00
santa-barbara,0.0% (0 of 115) precincts reporting,0,0.0,0,0.0,"September 14, 2021, 8:01 p.m.",2021-09-15T03:04:14+00:00
santa-clara,0.0% (0 of 509) precincts reporting,0,0.0,0,0.0,"September 14, 2021, 8:01 p.m.",2021-09-15T03:04:14+00:00
santa-cruz,0.0% (0 of 85) precincts reporting,0,0.0,0,0.0,"September 14, 2021, 8:01 p.m.",2021-09-15T03:04:14+00:00
shasta,0.0% (0 of 98) precincts reporting,0,0.0,0,0.0,"September 14, 2021, 8:01 p.m.",2021-09-15T03:04:14+00:00
sierra,0.0% (0 of 23) precincts reporting,0,0.0,0,0.0,"September 14, 2021, 8:01 p.m.",2021-09-15T03:04:14+00:00
siskiyou,0.0% (0 of 54) precincts reporting,0,0.0,0,0.0,"September 14, 2021, 8:01 p.m.",2021-09-15T03:04:14+00:00
solano,0.0% (0 of 187) precincts reporting,0,0.0,0,0.0,"September 14, 2021, 8:01 p.m.",2021-09-15T03:04:14+00:00
sonoma,0.0% (0 of 324) precincts reporting,0,0.0,0,0.0,"September 14, 2021, 8:01 p.m.",2021-09-15T03:04:14+00:00
stanislaus,0.0% (0 of 87) precincts reporting,0,0.0,0,0.0,"September 14, 2021, 8:01 p.m.",2021-09-15T03:04:14+00:00
statewide,"1.0% (185 of 18,185) precincts reporting",10308,28.4,26011,71.6,"September 14, 2021, 8:01 p.m.",2021-09-15T03:04:14+00:00
sutter,0.0% (0 of 29) precincts reporting,0,0.0,0,0.0,"September 14, 2021, 8:01 p.m.",2021-09-15T03:04:14+00:00
tehama,0.0% (0 of 33) precincts reporting,0,0.0,0,0.0,"September 14, 2021, 8:01 p.m.",2021-09-15T03:04:14+00:00
trinity,0.0% (0 of 25) precincts reporting,0,0.0,0,0.0,"September 14, 2021, 8:01 p.m.",2021-09-15T03:04:14+00:00
tulare,0.0% (0 of 83) precincts reporting,0,0.0,0,0.0,"September 14, 2021, 8:01 p.m.",2021-09-15T03:04:14+00:00
tuolumne,0.0% (0 of 41) precincts reporting,0,0.0,0,0.0,"September 14, 2021, 8:01 p.m.",2021-09-15T03:04:14+00:00
ventura,0.0% (0 of 697) precincts reporting,0,0.0,0,0.0,"September 14, 2021, 8:01 p.m.",2021-09-15T03:04:14+00:00
yolo,0.0% (0 of 32) precincts reporting,0,0.0,0,0.0,"September 14, 2021, 8:01 p.m.",2021-09-15T03:04:14+00:00
yuba,0.0% (0 of 36) precincts reporting,0,0.0,0,0.0,"September 14, 2021, 8:01 p.m.",2021-09-15T03:04:14+00:00
alameda,0.0% (0 of 521) precincts reporting,0,0.0,0,0.0,"September 14, 2021, 8:05 p.m.",2021-09-15T03:10:22+00:00
alpine,0.0% (0 of 5) precincts reporting,0,0.0,0,0.0,"September 14, 2021, 8:05 p.m.",2021-09-15T03:10:22+00:00
amador,0.0% (0 of 30) precincts reporting,0,0.0,0,0.0,"September 14, 2021, 8:05 p.m.",2021-09-15T03:10:22+00:00
butte,0.0% (0 of 156) precincts reporting,0,0.0,0,0.0,"September 14, 2021, 8:05 p.m.",2021-09-15T03:10:22+00:00
calaveras,0.0% (0 of 29) precincts reporting,0,0.0,0,0.0,"September 14, 2021, 8:05 p.m.",2021-09-15T03:10:22+00:00
colusa,0.0% (0 of 18) precincts reporting,0,0.0,0,0.0,"September 14, 2021, 8:05 p.m.",2021-09-15T03:10:22+00:00
contra-costa,0.0% (0 of 958) precincts reporting,0,0.0,0,0.0,"September 14, 2021, 8:05 p.m.",2021-09-15T03:10:22+00:00
del-norte,0.0% (0 of 18) precincts reporting,0,0.0,0,0.0,"September 14, 2021, 8:05 p.m.",2021-09-15T03:10:22+00:00
el-dorado,0.0% (0 of 103) precincts reporting,0,0.0,0,0.0,"September 14, 2021, 8:05 p.m.",2021-09-15T03:10:22+00:00
fresno,0.0% (0 of 279) precincts reporting,0,0.0,0,0.0,"September 14, 2021, 8:05 p.m.",2021-09-15T03:10:22+00:00
glenn,0.0% (0 of 34) precincts reporting,4100,68.4,1898,31.6,"September 14, 2021, 8:05 p.m.",2021-09-15T03:10:22+00:00
humboldt,0.0% (0 of 47) precincts reporting,0,0.0,0,0.0,"September 14, 2021, 8:05 p.m.",2021-09-15T03:10:22+00:00
imperial,0.0% (0 of 219) precincts reporting,0,0.0,0,0.0,"September 14, 2021, 8:05 p.m.",2021-09-15T03:10:22+00:00
inyo,0.0% (0 of 20) precincts reporting,0,0.0,0,0.0,"September 14, 2021, 8:05 p.m.",2021-09-15T03:10:22+00:00
kern,0.0% (0 of 727) precincts reporting,0,0.0,0,0.0,"September 14, 2021, 8:05 p.m.",2021-09-15T03:10:22+00:00
kings,0.0% (0 of 30) precincts reporting,0,0.0,0,0.0,"September 14, 2021, 8:05 p.m.",2021-09-15T03:10:22+00:00
lake,0.0% (0 of 70) precincts reporting,0,0.0,0,0.0,"September 14, 2021, 8:05 p.m.",2021-09-15T03:10:22+00:00
lassen,0.0% (0 of 57) precincts reporting,0,0.0,0,0.0,"September 14, 2021, 8:05 p.m.",2021-09-15T03:10:22+00:00
los-angeles,"0.0% (0 of 2,799) precincts reporting",0,0.0,0,0.0,"September 14, 2021, 8:05 p.m.",2021-09-15T03:10:22+00:00
madera,0.0% (0 of 72) precincts reporting,0,0.0,0,0.0,"September 14, 2021, 8:05 p.m.",2021-09-15T03:10:22+00:00
marin,0.0% (0 of 104) precincts reporting,0,0.0,0,0.0,"September 14, 2021, 8:05 p.m.",2021-09-15T03:10:22+00:00
mariposa,0.0% (0 of 25) precincts reporting,0,0.0,0,0.0,"September 14, 2021, 8:05 p.m.",2021-09-15T03:10:22+00:00
mendocino,0.0% (0 of 250) precincts reporting,0,0.0,0,0.0,"September 14, 2021, 8:05 p.m.",2021-09-15T03:10:22+00:00
merced,0.0% (0 of 269) precincts reporting,15561,47.8,16969,52.2,"September 14, 2021, 8:03 p.m.",2021-09-15T03:10:22+00:00
modoc,0.0% (0 of 21) precincts reporting,0,0.0,0,0.0,"September 14, 2021, 8:05 p.m.",2021-09-15T03:10:22+00:00
mono,0.0% (0 of 12) precincts reporting,0,0.0,0,0.0,"September 14, 2021, 8:05 p.m.",2021-09-15T03:10:22+00:00
monterey,0.0% (0 of 188) precincts reporting,0,0.0,0,0.0,"September 14, 2021, 8:05 p.m.",2021-09-15T03:10:22+00:00
nevada,0.0% (0 of 112) precincts reporting,0,0.0,0,0.0,"September 14, 2021, 8:05 p.m.",2021-09-15T03:10:22+00:00
orange,"0.0% (0 of 1,801) precincts reporting",0,0.0,0,0.0,"September 14, 2021, 8:05 p.m.",2021-09-15T03:10:22+00:00
placer,0.0% (0 of 265) precincts reporting,0,0.0,0,0.0,"September 14, 2021, 8:05 p.m.",2021-09-15T03:10:22+00:00
plumas,0.0% (0 of 29) precincts reporting,0,0.0,0,0.0,"September 14, 2021, 8:05 p.m.",2021-09-15T03:10:22+00:00
riverside,0.0% (0 of 763) precincts reporting,0,0.0,0,0.0,"September 14, 2021, 8:05 p.m.",2021-09-15T03:10:22+00:00
sacramento,0.0% (0 of 602) precincts reporting,0,0.0,0,0.0,"September 14, 2021, 8:05 p.m.",2021-09-15T03:10:22+00:00
san-benito,0.0% (0 of 18) precincts reporting,5678,38.7,8978,61.3,"September 14, 2021, 8:05 p.m.",2021-09-15T03:10:22+00:00
san-bernardino,"0.0% (0 of 1,749) precincts reporting",0,0.0,0,0.0,"September 14, 2021, 8:05 p.m.",2021-09-15T03:10:22+00:00
san-diego,"0.0% (0 of 1,825) precincts reporting",319033,39.4,491347,60.6,"September 14, 2021, 8:05 p.m.",2021-09-15T03:10:22+00:00
san-francisco,0.0% (0 of 611) precincts reporting,0,0.0,0,0.0,"September 14, 2021, 8:05 p.m.",2021-09-15T03:10:22+00:00
san-joaquin,0.0% (0 of 269) precincts reporting,0,0.0,0,0.0,"September 14, 2021, 8:05 p.m.",2021-09-15T03:10:22+00:00
san-luis-obispo,0.0% (0 of 93) precincts reporting,0,0.0,0,0.0,"September 14, 2021, 8:05 p.m.",2021-09-15T03:10:22+00:00
san-mateo,0.0% (0 of 338) precincts reporting,0,0.0,0,0.0,"September 14, 2021, 8:05 p.m.",2021-09-15T03:10:22+00:00
santa-barbara,0.0% (0 of 115) precincts reporting,0,0.0,0,0.0,"September 14, 2021, 8:05 p.m.",2021-09-15T03:10:22+00:00
santa-clara,98.0% (499 of 509) precincts reporting,98157,21.9,349724,78.1,"September 14, 2021, 8:05 p.m.",2021-09-15T03:10:22+00:00
santa-cruz,0.0% (0 of 85) precincts reporting,0,0.0,0,0.0,"September 14, 2021, 8:05 p.m.",2021-09-15T03:10:22+00:00
shasta,0.0% (0 of 98) precincts reporting,0,0.0,0,0.0,"September 14, 2021, 8:05 p.m.",2021-09-15T03:10:22+00:00
sierra,0.0% (0 of 23) precincts reporting,0,0.0,0,0.0,"September 14, 2021, 8:05 p.m.",2021-09-15T03:10:22+00:00
siskiyou,0.0% (0 of 54) precincts reporting,0,0.0,0,0.0,"September 14, 2021, 8:05 p.m.",2021-09-15T03:10:22+00:00
solano,0.0% (0 of 187) precincts reporting,0,0.0,0,0.0,"September 14, 2021, 8:05 p.m.",2021-09-15T03:10:22+00:00
sonoma,0.0% (0 of 324) precincts reporting,0,0.0,0,0.0,"September 14, 2021, 8:05 p.m.",2021-09-15T03:10:22+00:00
stanislaus,0.0% (0 of 87) precincts reporting,0,0.0,0,0.0,"September 14, 2021, 8:05 p.m.",2021-09-15T03:10:22+00:00
statewide,"3.8% (684 of 18,185) precincts reporting",452837,33.6,894927,66.4,"September 14, 2021, 8:05 p.m.",2021-09-15T03:10:22+00:00
sutter,0.0% (0 of 29) precincts reporting,0,0.0,0,0.0,"September 14, 2021, 8:05 p.m.",2021-09-15T03:10:22+00:00
tehama,0.0% (0 of 33) precincts reporting,0,0.0,0,0.0,"September 14, 2021, 8:05 p.m.",2021-09-15T03:10:22+00:00
trinity,0.0% (0 of 25) precincts reporting,0,0.0,0,0.0,"September 14, 2021, 8:05 p.m.",2021-09-15T03:10:22+00:00
tulare,0.0% (0 of 83) precincts reporting,0,0.0,0,0.0,"September 14, 2021, 8:05 p.m.",2021-09-15T03:10:22+00:00
tuolumne,0.0% (0 of 41) precincts reporting,0,0.0,0,0.0,"September 14, 2021, 8:05 p.m.",2021-09-15T03:10:22+00:00
ventura,0.0% (0 of 697) precincts reporting,0,0.0,0,0.0,"September 14, 2021, 8:05 p.m.",2021-09-15T03:10:22+00:00
yolo,0.0% (0 of 32) precincts reporting,0,0.0,0,0.0,"September 14, 2021, 8:05 p.m.",2021-09-15T03:10:22+00:00
yuba,0.0% (0 of 36) precincts reporting,0,0.0,0,0.0,"September 14, 2021, 8:05 p.m.",2021-09-15T03:10:22+00:00
alameda,0.0% (0 of 521) precincts reporting,0,0.0,0,0.0,"September 14, 2021, 8:11 p.m.",2021-09-15T03:14:13+00:00
alpine,0.0% (0 of 5) precincts reporting,0,0.0,0,0.0,"September 14, 2021, 8:11 p.m.",2021-09-15T03:14:13+00:00
amador,0.0% (0 of 30) precincts reporting,0,0.0,0,0.0,"September 14, 2021, 8:11 p.m.",2021-09-15T03:14:13+00:00
butte,0.0% (0 of 156) precincts reporting,0,0.0,0,0.0,"September 14, 2021, 8:11 p.m.",2021-09-15T03:14:13+00:00
calaveras,0.0% (0 of 29) precincts reporting,0,0.0,0,0.0,"September 14, 2021, 8:11 p.m.",2021-09-15T03:14:13+00:00
colusa,0.0% (0 of 18) precincts reporting,0,0.0,0,0.0,"September 14, 2021, 8:11 p.m.",2021-09-15T03:14:13+00:00
contra-costa,0.0% (0 of 958) precincts reporting,0,0.0,0,0.0,"September 14, 2021, 8:11 p.m.",2021-09-15T03:14:13+00:00
del-norte,0.0% (0 of 18) precincts reporting,0,0.0,0,0.0,"September 14, 2021, 8:11 p.m.",2021-09-15T03:14:13+00:00
el-dorado,0.0% (0 of 103) precincts reporting,0,0.0,0,0.0,"September 14, 2021, 8:11 p.m.",2021-09-15T03:14:13+00:00
fresno,0.0% (0 of 279) precincts reporting,0,0.0,0,0.0,"September 14, 2021, 8:11 p.m.",2021-09-15T03:14:13+00:00
humboldt,0.0% (0 of 47) precincts reporting,0,0.0,0,0.0,"September 14, 2021, 8:11 p.m.",2021-09-15T03:14:13+00:00
imperial,0.0% (0 of 219) precincts reporting,0,0.0,0,0.0,"September 14, 2021, 8:11 p.m.",2021-09-15T03:14:13+00:00
inyo,0.0% (0 of 20) precincts reporting,0,0.0,0,0.0,"September 14, 2021, 8:11 p.m.",2021-09-15T03:14:13+00:00
kern,0.0% (0 of 727) precincts reporting,0,0.0,0,0.0,"September 14, 2021, 8:11 p.m.",2021-09-15T03:14:13+00:00
kings,93.3% (28 of 30) precincts reporting,11562,60.3,7621,39.7,"September 14, 2021, 8:11 p.m.",2021-09-15T03:14:13+00:00
lake,0.0% (0 of 70) precincts reporting,0,0.0,0,0.0,"September 14, 2021, 8:11 p.m.",2021-09-15T03:14:13+00:00
lassen,100.0% (57 of 57) precincts reporting,5573,81.7,1251,18.3,"September 14, 2021, 8:09 p.m.",2021-09-15T03:14:13+00:00
los-angeles,"0.0% (0 of 2,799) precincts reporting",438810,23.7,1414354,76.3,"September 14, 2021, 8:09 p.m.",2021-09-15T03:14:13+00:00
madera,0.0% (0 of 72) precincts reporting,0,0.0,0,0.0,"September 14, 2021, 8:11 p.m.",2021-09-15T03:14:13+00:00
marin,0.0% (0 of 104) precincts reporting,14029,15.1,78866,84.9,"September 14, 2021, 8:11 p.m.",2021-09-15T03:14:13+00:00
mariposa,0.0% (0 of 25) precincts reporting,0,0.0,0,0.0,"September 14, 2021, 8:11 p.m.",2021-09-15T03:14:13+00:00
mendocino,0.0% (0 of 250) precincts reporting,0,0.0,0,0.0,"September 14, 2021, 8:11 p.m.",2021-09-15T03:14:13+00:00
modoc,0.0% (0 of 21) precincts reporting,0,0.0,0,0.0,"September 14, 2021, 8:11 p.m.",2021-09-15T03:14:13+00:00
mono,0.0% (0 of 12) precincts reporting,0,0.0,0,0.0,"September 14, 2021, 8:11 p.m.",2021-09-15T03:14:13+00:00
monterey,0.0% (0 of 188) precincts reporting,0,0.0,0,0.0,"September 14, 2021, 8:11 p.m.",2021-09-15T03:14:13+00:00
nevada,100.0% (112 of 112) precincts reporting,15780,40.6,23080,59.4,"September 14, 2021, 8:11 p.m.",2021-09-15T03:14:13+00:00
orange,"0.0% (0 of 1,801) precincts reporting",0,0.0,0,0.0,"September 14, 2021, 8:11 p.m.",2021-09-15T03:14:13+00:00
placer,0.0% (0 of 265) precincts reporting,0,0.0,0,0.0,"September 14, 2021, 8:11 p.m.",2021-09-15T03:14:13+00:00
plumas,0.0% (0 of 29) precincts reporting,0,0.0,0,0.0,"September 14, 2021, 8:11 p.m.",2021-09-15T03:14:13+00:00
riverside,0.0% (0 of 763) precincts reporting,0,0.0,0,0.0,"September 14, 2021, 8:11 p.m.",2021-09-15T03:14:13+00:00
sacramento,97.3% (586 of 602) precincts reporting,99115,34.1,191699,65.9,"September 14, 2021, 8:09 p.m.",2021-09-15T03:14:13+00:00
san-bernardino,"0.0% (0 of 1,749) precincts reporting",0,0.0,0,0.0,"September 14, 2021, 8:11 p.m.",2021-09-15T03:14:13+00:00
san-francisco,0.0% (0 of 611) precincts reporting,0,0.0,0,0.0,"September 14, 2021, 8:11 p.m.",2021-09-15T03:14:13+00:00
san-joaquin,0.0% (0 of 269) precincts reporting,0,0.0,0,0.0,"September 14, 2021, 8:11 p.m.",2021-09-15T03:14:13+00:00
san-luis-obispo,0.0% (0 of 93) precincts reporting,0,0.0,0,0.0,"September 14, 2021, 8:11 p.m.",2021-09-15T03:14:13+00:00
san-mateo,0.0% (0 of 338) precincts reporting,39857,19.1,168578,80.9,"September 14, 2021, 8:11 p.m.",2021-09-15T03:14:13+00:00
santa-barbara,0.0% (0 of 115) precincts reporting,31643,32.4,65904,67.6,"September 14, 2021, 8:11 p.m.",2021-09-15T03:14:13+00:00
santa-cruz,0.0% (0 of 85) precincts reporting,0,0.0,0,0.0,"September 14, 2021, 8:11 p.m.",2021-09-15T03:14:13+00:00
shasta,0.0% (0 of 98) precincts reporting,0,0.0,0,0.0,"September 14, 2021, 8:11 p.m.",2021-09-15T03:14:13+00:00
sierra,0.0% (0 of 23) precincts reporting,0,0.0,0,0.0,"September 14, 2021, 8:11 p.m.",2021-09-15T03:14:13+00:00
siskiyou,0.0% (0 of 54) precincts reporting,0,0.0,0,0.0,"September 14, 2021, 8:11 p.m.",2021-09-15T03:14:13+00:00
solano,0.0% (0 of 187) precincts reporting,0,0.0,0,0.0,"September 14, 2021, 8:11 p.m.",2021-09-15T03:14:13+00:00
sonoma,0.0% (0 of 324) precincts reporting,30846,21.6,111874,78.4,"September 14, 2021, 8:09 p.m.",2021-09-15T03:14:13+00:00
stanislaus,0.0% (0 of 87) precincts reporting,0,0.0,0,0.0,"September 14, 2021, 8:11 p.m.",2021-09-15T03:14:13+00:00
statewide,"8.1% (1,467 of 18,185) precincts reporting",1140052,27.8,2958154,72.2,"September 14, 2021, 8:11 p.m.",2021-09-15T03:14:13+00:00
sutter,0.0% (0 of 29) precincts reporting,0,0.0,0,0.0,"September 14, 2021, 8:11 p.m.",2021-09-15T03:14:13+00:00
tehama,0.0% (0 of 33) precincts reporting,0,0.0,0,0.0,"September 14, 2021, 8:11 p.m.",2021-09-15T03:14:13+00:00
trinity,0.0% (0 of 25) precincts reporting,0,0.0,0,0.0,"September 14, 2021, 8:11 p.m.",2021-09-15T03:14:13+00:00
tulare,0.0% (0 of 83) precincts reporting,0,0.0,0,0.0,"September 14, 2021, 8:11 p.m.",2021-09-15T03:14:13+00:00
tuolumne,0.0% (0 of 41) precincts reporting,0,0.0,0,0.0,"September 14, 2021, 8:11 p.m.",2021-09-15T03:14:13+00:00
ventura,0.0% (0 of 697) precincts reporting,0,0.0,0,0.0,"September 14, 2021, 8:11 p.m.",2021-09-15T03:14:13+00:00
yolo,0.0% (0 of 32) precincts reporting,0,0.0,0,0.0,"September 14, 2021, 8:11 p.m.",2021-09-15T03:14:13+00:00
yuba,0.0% (0 of 36) precincts reporting,0,0.0,0,0.0,"September 14, 2021, 8:11 p.m.",2021-09-15T03:14:13+00:00
alameda,0.0% (0 of 521) precincts reporting,0,0.0,0,0.0,"September 14, 2021, 8:15 p.m.",2021-09-15T03:20:10+00:00
alpine,0.0% (0 of 5) precincts reporting,0,0.0,0,0.0,"September 14, 2021, 8:15 p.m.",2021-09-15T03:20:10+00:00
amador,0.0% (0 of 30) precincts reporting,0,0.0,0,0.0,"September 14, 2021, 8:15 p.m.",2021-09-15T03:20:10+00:00
butte,0.0% (0 of 156) precincts reporting,0,0.0,0,0.0,"September 14, 2021, 8:15 p.m.",2021-09-15T03:20:10+00:00
calaveras,0.0% (0 of 29) precincts reporting,0,0.0,0,0.0,"September 14, 2021, 8:15 p.m.",2021-09-15T03:20:10+00:00
colusa,0.0% (0 of 18) precincts reporting,0,0.0,0,0.0,"September 14, 2021, 8:15 p.m.",2021-09-15T03:20:10+00:00
contra-costa,0.0% (0 of 958) precincts reporting,0,0.0,0,0.0,"September 14, 2021, 8:15 p.m.",2021-09-15T03:20:10+00:00
del-norte,0.0% (0 of 18) precincts reporting,0,0.0,0,0.0,"September 14, 2021, 8:15 p.m.",2021-09-15T03:20:10+00:00
el-dorado,0.0% (0 of 103) precincts reporting,0,0.0,0,0.0,"September 14, 2021, 8:15 p.m.",2021-09-15T03:20:10+00:00
fresno,0.0% (0 of 279) precincts reporting,71820,46.4,83007,53.6,"September 14, 2021, 8:15 p.m.",2021-09-15T03:20:10+00:00
humboldt,0.0% (0 of 47) precincts reporting,0,0.0,0,0.0,"September 14, 2021, 8:15 p.m.",2021-09-15T03:20:10+00:00
imperial,0.0% (0 of 219) precincts reporting,0,0.0,0,0.0,"September 14, 2021, 8:15 p.m.",2021-09-15T03:20:10+00:00
inyo,0.0% (0 of 20) precincts reporting,0,0.0,0,0.0,"September 14, 2021, 8:15 p.m.",2021-09-15T03:20:10+00:00
kern,0.0% (0 of 727) precincts reporting,0,0.0,0,0.0,"September 14, 2021, 8:15 p.m.",2021-09-15T03:20:10+00:00
lake,0.0% (0 of 70) precincts reporting,0,0.0,0,0.0,"September 14, 2021, 8:15 p.m.",2021-09-15T03:20:10+00:00
madera,0.0% (0 of 72) precincts reporting,15904,56.7,12124,43.3,"September 14, 2021, 8:14 p.m.",2021-09-15T03:20:10+00:00
mariposa,0.0% (0 of 25) precincts reporting,0,0.0,0,0.0,"September 14, 2021, 8:15 p.m.",2021-09-15T03:20:10+00:00
mendocino,0.0% (0 of 250) precincts reporting,0,0.0,0,0.0,"September 14, 2021, 8:15 p.m.",2021-09-15T03:20:10+00:00
modoc,0.0% (0 of 21) precincts reporting,0,0.0,0,0.0,"September 14, 2021, 8:15 p.m.",2021-09-15T03:20:10+00:00
mono,0.0% (0 of 12) precincts reporting,0,0.0,0,0.0,"September 14, 2021, 8:15 p.m.",2021-09-15T03:20:10+00:00
monterey,0.0% (0 of 188) precincts reporting,0,0.0,0,0.0,"September 14, 2021, 8:15 p.m.",2021-09-15T03:20:10+00:00
orange,"0.0% (0 of 1,801) precincts reporting",299711,41.7,419587,58.3,"September 14, 2021, 8:13 p.m.",2021-09-15T03:20:10+00:00
placer,0.0% (0 of 265) precincts reporting,51618,48.4,55029,51.6,"September 14, 2021, 8:15 p.m.",2021-09-15T03:20:10+00:00
plumas,0.0% (0 of 29) precincts reporting,0,0.0,0,0.0,"September 14, 2021, 8:15 p.m.",2021-09-15T03:20:10+00:00
riverside,0.0% (0 of 763) precincts reporting,0,0.0,0,0.0,"September 14, 2021, 8:15 p.m.",2021-09-15T03:20:10+00:00
san-bernardino,"0.0% (0 of 1,749) precincts reporting",0,0.0,0,0.0,"September 14, 2021, 8:15 p.m.",2021-09-15T03:20:10+00:00
san-francisco,0.0% (0 of 611) precincts reporting,30011,12.2,215521,87.8,"September 14, 2021, 8:15 p.m.",2021-09-15T03:20:10+00:00
san-joaquin,0.0% (0 of 269) precincts reporting,0,0.0,0,0.0,"September 14, 2021, 8:15 p.m.",2021-09-15T03:20:10+00:00
san-luis-obispo,0.0% (0 of 93) precincts reporting,0,0.0,0,0.0,"September 14, 2021, 8:15 p.m.",2021-09-15T03:20:10+00:00
santa-cruz,0.0% (0 of 85) precincts reporting,0,0.0,0,0.0,"September 14, 2021, 8:15 p.m.",2021-09-15T03:20:10+00:00
shasta,0.0% (0 of 98) precincts reporting,0,0.0,0,0.0,"September 14, 2021, 8:15 p.m.",2021-09-15T03:20:10+00:00
sierra,0.0% (0 of 23) precincts reporting,0,0.0,0,0.0,"September 14, 2021, 8:15 p.m.",2021-09-15T03:20:10+00:00
siskiyou,0.0% (0 of 54) precincts reporting,0,0.0,0,0.0,"September 14, 2021, 8:15 p.m.",2021-09-15T03:20:10+00:00
solano,0.0% (0 of 187) precincts reporting,0,0.0,0,0.0,"September 14, 2021, 8:15 p.m.",2021-09-15T03:20:10+00:00
stanislaus,0.0% (0 of 87) precincts reporting,0,0.0,0,0.0,"September 14, 2021, 8:15 p.m.",2021-09-15T03:20:10+00:00
statewide,"8.2% (1,492 of 18,185) precincts reporting",1611195,30.1,3745169,69.9,"September 14, 2021, 8:15 p.m.",2021-09-15T03:20:10+00:00
sutter,0.0% (0 of 29) precincts reporting,0,0.0,0,0.0,"September 14, 2021, 8:15 p.m.",2021-09-15T03:20:10+00:00
tehama,0.0% (0 of 33) precincts reporting,0,0.0,0,0.0,"September 14, 2021, 8:15 p.m.",2021-09-15T03:20:10+00:00
trinity,100.0% (25 of 25) precincts reporting,2079,54.3,1747,45.7,"September 14, 2021, 8:12 p.m.",2021-09-15T03:20:10+00:00
tulare,0.0% (0 of 83) precincts reporting,0,0.0,0,0.0,"September 14, 2021, 8:15 p.m.",2021-09-15T03:20:10+00:00
tuolumne,0.0% (0 of 41) precincts reporting,0,0.0,0,0.0,"September 14, 2021, 8:15 p.m.",2021-09-15T03:20:10+00:00
ventura,0.0% (0 of 697) precincts reporting,0,0.0,0,0.0,"September 14, 2021, 8:15 p.m.",2021-09-15T03:20:10+00:00
yolo,0.0% (0 of 32) precincts reporting,0,0.0,0,0.0,"September 14, 2021, 8:15 p.m.",2021-09-15T03:20:10+00:00
yuba,0.0% (0 of 36) precincts reporting,0,0.0,0,0.0,"September 14, 2021, 8:15 p.m.",2021-09-15T03:20:10+00:00
alameda,0.0% (0 of 521) precincts reporting,49257,15.3,272067,84.7,"September 14, 2021, 8:17 p.m.",2021-09-15T03:24:15+00:00
alpine,0.0% (0 of 5) precincts reporting,0,0.0,0,0.0,"September 14, 2021, 8:19 p.m.",2021-09-15T03:24:15+00:00
amador,0.0% (0 of 30) precincts reporting,0,0.0,0,0.0,"September 14, 2021, 8:19 p.m.",2021-09-15T03:24:15+00:00
butte,0.0% (0 of 156) precincts reporting,0,0.0,0,0.0,"September 14, 2021, 8:19 p.m.",2021-09-15T03:24:15+00:00
calaveras,0.0% (0 of 29) precincts reporting,0,0.0,0,0.0,"September 14, 2021, 8:19 p.m.",2021-09-15T03:24:15+00:00
colusa,0.0% (0 of 18) precincts reporting,0,0.0,0,0.0,"September 14, 2021, 8:19 p.m.",2021-09-15T03:24:15+00:00
contra-costa,0.0% (0 of 958) precincts reporting,0,0.0,0,0.0,"September 14, 2021, 8:19 p.m.",2021-09-15T03:24:15+00:00
del-norte,0.0% (0 of 18) precincts reporting,0,0.0,0,0.0,"September 14, 2021, 8:19 p.m.",2021-09-15T03:24:15+00:00
el-dorado,0.0% (0 of 103) precincts reporting,0,0.0,0,0.0,"September 14, 2021, 8:19 p.m.",2021-09-15T03:24:15+00:00
humboldt,0.0% (0 of 47) precincts reporting,0,0.0,0,0.0,"September 14, 2021, 8:19 p.m.",2021-09-15T03:24:15+00:00
imperial,0.0% (0 of 219) precincts reporting,0,0.0,0,0.0,"September 14, 2021, 8:19 p.m.",2021-09-15T03:24:15+00:00
inyo,0.0% (0 of 20) precincts reporting,0,0.0,0,0.0,"September 14, 2021, 8:19 p.m.",2021-09-15T03:24:15+00:00
kern,0.0% (0 of 727) precincts reporting,0,0.0,0,0.0,"September 14, 2021, 8:19 p.m.",2021-09-15T03:24:15+00:00
lake,0.0% (0 of 70) precincts reporting,0,0.0,0,0.0,"September 14, 2021, 8:19 p.m.",2021-09-15T03:24:15+00:00
mariposa,0.0% (0 of 25) precincts reporting,0,0.0,0,0.0,"September 14, 2021, 8:19 p.m.",2021-09-15T03:24:15+00:00
mendocino,0.0% (0 of 250) precincts reporting,0,0.0,0,0.0,"September 14, 2021, 8:19 p.m.",2021-09-15T03:24:15+00:00
modoc,0.0% (0 of 21) precincts reporting,0,0.0,0,0.0,"September 14, 2021, 8:19 p.m.",2021-09-15T03:24:15+00:00
mono,0.0% (0 of 12) precincts reporting,0,0.0,0,0.0,"September 14, 2021, 8:19 p.m.",2021-09-15T03:24:15+00:00
monterey,0.0% (0 of 188) precincts reporting,23373,28.3,59090,71.7,"September 14, 2021, 8:17 p.m.",2021-09-15T03:24:15+00:00
plumas,100.0% (29 of 29) precincts reporting,5106,62.9,3008,37.1,"September 14, 2021, 8:19 p.m.",2021-09-15T03:24:15+00:00
riverside,85.6% (653 of 763) precincts reporting,212967,45.6,254374,54.4,"September 14, 2021, 8:19 p.m.",2021-09-15T03:24:15+00:00
san-bernardino,"0.0% (0 of 1,749) precincts reporting",0,0.0,0,0.0,"September 14, 2021, 8:19 p.m.",2021-09-15T03:24:15+00:00
san-joaquin,0.0% (0 of 269) precincts reporting,47140,42.1,64816,57.9,"September 14, 2021, 8:19 p.m.",2021-09-15T03:24:15+00:00
san-luis-obispo,0.0% (0 of 93) precincts reporting,0,0.0,0,0.0,"September 14, 2021, 8:19 p.m.",2021-09-15T03:24:15+00:00
santa-cruz,0.0% (0 of 85) precincts reporting,0,0.0,0,0.0,"September 14, 2021, 8:19 p.m.",2021-09-15T03:24:15+00:00
shasta,0.0% (0 of 98) precincts reporting,0,0.0,0,0.0,"September 14, 2021, 8:19 p.m.",2021-09-15T03:24:15+00:00
sierra,0.0% (0 of 23) precincts reporting,0,0.0,0,0.0,"September 14, 2021, 8:19 p.m.",2021-09-15T03:24:15+00:00
siskiyou,0.0% (0 of 54) precincts reporting,0,0.0,0,0.0,"September 14, 2021, 8:19 p.m.",2021-09-15T03:24:15+00:00
solano,0.0% (0 of 187) precincts reporting,0,0.0,0,0.0,"September 14, 2021, 8:19 p.m.",2021-09-15T03:24:15+00:00
stanislaus,0.0% (0 of 87) precincts reporting,0,0.0,0,0.0,"September 14, 2021, 8:19 p.m.",2021-09-15T03:24:15+00:00
statewide,"12.0% (2,174 of 18,185) precincts reporting",1949038,30.7,4398524,69.3,"September 14, 2021, 8:19 p.m.",2021-09-15T03:24:15+00:00
sutter,0.0% (0 of 29) precincts reporting,0,0.0,0,0.0,"September 14, 2021, 8:19 p.m.",2021-09-15T03:24:15+00:00
tehama,0.0% (0 of 33) precincts reporting,0,0.0,0,0.0,"September 14, 2021, 8:19 p.m.",2021-09-15T03:24:15+00:00
tulare,0.0% (0 of 83) precincts reporting,0,0.0,0,0.0,"September 14, 2021, 8:19 p.m.",2021-09-15T03:24:15+00:00
tuolumne,0.0% (0 of 41) precincts reporting,0,0.0,0,0.0,"September 14, 2021, 8:19 p.m.",2021-09-15T03:24:15+00:00
ventura,0.0% (0 of 697) precincts reporting,0,0.0,0,0.0,"September 14, 2021, 8:19 p.m.",2021-09-15T03:24:15+00:00
yolo,0.0% (0 of 32) precincts reporting,0,0.0,0,0.0,"September 14, 2021, 8:19 p.m.",2021-09-15T03:24:15+00:00
yuba,0.0% (0 of 36) precincts reporting,0,0.0,0,0.0,"September 14, 2021, 8:19 p.m.",2021-09-15T03:24:15+00:00
alpine,0.0% (0 of 5) precincts reporting,0,0.0,0,0.0,"September 14, 2021, 8:26 p.m.",2021-09-15T03:30:12+00:00
amador,0.0% (0 of 30) precincts reporting,0,0.0,0,0.0,"September 14, 2021, 8:26 p.m.",2021-09-15T03:30:12+00:00
butte,0.0% (0 of 156) precincts reporting,0,0.0,0,0.0,"September 14, 2021, 8:26 p.m.",2021-09-15T03:30:12+00:00
calaveras,0.0% (0 of 29) precincts reporting,0,0.0,0,0.0,"September 14, 2021, 8:26 p.m.",2021-09-15T03:30:12+00:00
colusa,0.0% (0 of 18) precincts reporting,0,0.0,0,0.0,"September 14, 2021, 8:26 p.m.",2021-09-15T03:30:12+00:00
contra-costa,0.0% (0 of 958) precincts reporting,66509,24.0,210726,76.0,"September 14, 2021, 8:25 p.m.",2021-09-15T03:30:12+00:00
del-norte,0.0% (0 of 18) precincts reporting,0,0.0,0,0.0,"September 14, 2021, 8:26 p.m.",2021-09-15T03:30:12+00:00
el-dorado,0.0% (0 of 103) precincts reporting,0,0.0,0,0.0,"September 14, 2021, 8:26 p.m.",2021-09-15T03:30:12+00:00
humboldt,0.0% (0 of 47) precincts reporting,0,0.0,0,0.0,"September 14, 2021, 8:26 p.m.",2021-09-15T03:30:12+00:00
imperial,0.0% (0 of 219) precincts reporting,0,0.0,0,0.0,"September 14, 2021, 8:26 p.m.",2021-09-15T03:30:12+00:00
inyo,95.0% (19 of 20) precincts reporting,2055,47.5,2275,52.5,"September 14, 2021, 8:24 p.m.",2021-09-15T03:30:12+00:00
kern,0.0% (0 of 727) precincts reporting,0,0.0,0,0.0,"September 14, 2021, 8:26 p.m.",2021-09-15T03:30:12+00:00
lake,0.0% (0 of 70) precincts reporting,0,0.0,0,0.0,"September 14, 2021, 8:26 p.m.",2021-09-15T03:30:12+00:00
mariposa,80.0% (20 of 25) precincts reporting,4209,58.7,2957,41.3,"September 14, 2021, 8:24 p.m.",2021-09-15T03:30:12+00:00
mendocino,0.0% (0 of 250) precincts reporting,5542,30.0,12905,70.0,"September 14, 2021, 8:26 p.m.",2021-09-15T03:30:12+00:00
modoc,0.0% (0 of 21) precincts reporting,0,0.0,0,0.0,"September 14, 2021, 8:26 p.m.",2021-09-15T03:30:12+00:00
mono,0.0% (0 of 12) precincts reporting,0,0.0,0,0.0,"September 14, 2021, 8:26 p.m.",2021-09-15T03:30:12+00:00
san-bernardino,"0.0% (0 of 1,749) precincts reporting",0,0.0,0,0.0,"September 14, 2021, 8:26 p.m.",2021-09-15T03:30:12+00:00
san-luis-obispo,0.0% (0 of 93) precincts reporting,0,0.0,0,0.0,"September 14, 2021, 8:26 p.m.",2021-09-15T03:30:12+00:00
santa-cruz,0.0% (0 of 85) precincts reporting,0,0.0,0,0.0,"September 14, 2021, 8:26 p.m.",2021-09-15T03:30:12+00:00
shasta,0.0% (0 of 98) precincts reporting,0,0.0,0,0.0,"September 14, 2021, 8:26 p.m.",2021-09-15T03:30:12+00:00
sierra,0.0% (0 of 23) precincts reporting,0,0.0,0,0.0,"September 14, 2021, 8:26 p.m.",2021-09-15T03:30:12+00:00
siskiyou,0.0% (0 of 54) precincts reporting,0,0.0,0,0.0,"September 14, 2021, 8:26 p.m.",2021-09-15T03:30:12+00:00
solano,0.0% (0 of 187) precincts reporting,29726,30.3,68440,69.7,"September 14, 2021, 8:25 p.m.",2021-09-15T03:30:12+00:00
stanislaus,100.0% (87 of 87) precincts reporting,49595,50.0,49604,50.0,"September 14, 2021, 8:23 p.m.",2021-09-15T03:30:12+00:00
statewide,"12.8% (2,331 of 18,185) precincts reporting",2120041,30.7,4781251,69.3,"September 14, 2021, 8:26 p.m.",2021-09-15T03:30:12+00:00
sutter,0.0% (0 of 29) precincts reporting,0,0.0,0,0.0,"September 14, 2021, 8:26 p.m.",2021-09-15T03:30:12+00:00
tehama,0.0% (0 of 33) precincts reporting,0,0.0,0,0.0,"September 14, 2021, 8:26 p.m.",2021-09-15T03:30:12+00:00
tulare,0.0% (0 of 83) precincts reporting,0,0.0,0,0.0,"September 14, 2021, 8:26 p.m.",2021-09-15T03:30:12+00:00
tuolumne,0.0% (0 of 41) precincts reporting,0,0.0,0,0.0,"September 14, 2021, 8:26 p.m.",2021-09-15T03:30:12+00:00
ventura,0.0% (0 of 697) precincts reporting,0,0.0,0,0.0,"September 14, 2021, 8:26 p.m.",2021-09-15T03:30:12+00:00
yolo,96.9% (31 of 32) precincts reporting,13367,27.2,35820,72.8,"September 14, 2021, 8:25 p.m.",2021-09-15T03:30:12+00:00
yuba,0.0% (0 of 36) precincts reporting,0,0.0,0,0.0,"September 14, 2021, 8:26 p.m.",2021-09-15T03:30:12+00:00
alpine,0.0% (0 of 5) precincts reporting,0,0.0,0,0.0,"September 14, 2021, 8:31 p.m.",2021-09-15T03:34:14+00:00
amador,100.0% (30 of 30) precincts reporting,10971,63.1,6411,36.9,"September 14, 2021, 8:31 p.m.",2021-09-15T03:34:14+00:00
butte,0.0% (0 of 156) precincts reporting,0,0.0,0,0.0,"September 14, 2021, 8:31 p.m.",2021-09-15T03:34:14+00:00
calaveras,0.0% (0 of 29) precincts reporting,0,0.0,0,0.0,"September 14, 2021, 8:31 p.m.",2021-09-15T03:34:14+00:00
colusa,0.0% (0 of 18) precincts reporting,0,0.0,0,0.0,"September 14, 2021, 8:31 p.m.",2021-09-15T03:34:14+00:00
del-norte,0.0% (0 of 18) precincts reporting,0,0.0,0,0.0,"September 14, 2021, 8:31 p.m.",2021-09-15T03:34:14+00:00
el-dorado,0.0% (0 of 103) precincts reporting,33268,52.7,29906,47.3,"September 14, 2021, 8:29 p.m.",2021-09-15T03:34:14+00:00
humboldt,0.0% (0 of 47) precincts reporting,0,0.0,0,0.0,"September 14, 2021, 8:31 p.m.",2021-09-15T03:34:14+00:00
imperial,74.9% (164 of 219) precincts reporting,4798,35.9,8552,64.1,"September 14, 2021, 8:30 p.m.",2021-09-15T03:34:14+00:00
kern,49.8% (362 of 727) precincts reporting,44938,55.2,36435,44.8,"September 14, 2021, 8:31 p.m.",2021-09-15T03:34:14+00:00
lake,0.0% (0 of 70) precincts reporting,0,0.0,0,0.0,"September 14, 2021, 8:31 p.m.",2021-09-15T03:34:14+00:00
modoc,0.0% (0 of 21) precincts reporting,0,0.0,0,0.0,"September 14, 2021, 8:31 p.m.",2021-09-15T03:34:14+00:00
mono,0.0% (0 of 12) precincts reporting,0,0.0,0,0.0,"September 14, 2021, 8:31 p.m.",2021-09-15T03:34:14+00:00
san-bernardino,"8.2% (144 of 1,749) precincts reporting",131349,42.1,180308,57.9,"September 14, 2021, 8:27 p.m.",2021-09-15T03:34:14+00:00
san-luis-obispo,0.0% (0 of 93) precincts reporting,20606,39.2,31932,60.8,"September 14, 2021, 8:27 p.m.",2021-09-15T03:34:14+00:00
santa-cruz,0.0% (0 of 85) precincts reporting,0,0.0,0,0.0,"September 14, 2021, 8:31 p.m.",2021-09-15T03:34:14+00:00
shasta,0.0% (0 of 98) precincts reporting,0,0.0,0,0.0,"September 14, 2021, 8:31 p.m.",2021-09-15T03:34:14+00:00
sierra,0.0% (0 of 23) precincts reporting,0,0.0,0,0.0,"September 14, 2021, 8:31 p.m.",2021-09-15T03:34:14+00:00
siskiyou,0.0% (0 of 54) precincts reporting,0,0.0,0,0.0,"September 14, 2021, 8:31 p.m.",2021-09-15T03:34:14+00:00
statewide,"16.7% (3,031 of 18,185) precincts reporting",2365971,31.8,5074795,68.2,"September 14, 2021, 8:31 p.m.",2021-09-15T03:34:14+00:00
sutter,0.0% (0 of 29) precincts reporting,0,0.0,0,0.0,"September 14, 2021, 8:31 p.m.",2021-09-15T03:34:14+00:00
tehama,0.0% (0 of 33) precincts reporting,0,0.0,0,0.0,"September 14, 2021, 8:31 p.m.",2021-09-15T03:34:14+00:00
tulare,0.0% (0 of 83) precincts reporting,0,0.0,0,0.0,"September 14, 2021, 8:31 p.m.",2021-09-15T03:34:14+00:00
tuolumne,0.0% (0 of 41) precincts reporting,0,0.0,0,0.0,"September 14, 2021, 8:31 p.m.",2021-09-15T03:34:14+00:00
ventura,0.0% (0 of 697) precincts reporting,0,0.0,0,0.0,"September 14, 2021, 8:31 p.m.",2021-09-15T03:34:14+00:00
yuba,0.0% (0 of 36) precincts reporting,0,0.0,0,0.0,"September 14, 2021, 8:31 p.m.",2021-09-15T03:34:14+00:00
alpine,0.0% (0 of 5) precincts reporting,0,0.0,0,0.0,"September 14, 2021, 8:36 p.m.",2021-09-15T03:40:20+00:00
butte,0.0% (0 of 156) precincts reporting,0,0.0,0,0.0,"September 14, 2021, 8:36 p.m.",2021-09-15T03:40:20+00:00
calaveras,0.0% (0 of 29) precincts reporting,0,0.0,0,0.0,"September 14, 2021, 8:36 p.m.",2021-09-15T03:40:20+00:00
colusa,0.0% (0 of 18) precincts reporting,0,0.0,0,0.0,"September 14, 2021, 8:36 p.m.",2021-09-15T03:40:20+00:00
del-norte,0.0% (0 of 18) precincts reporting,0,0.0,0,0.0,"September 14, 2021, 8:36 p.m.",2021-09-15T03:40:20+00:00
humboldt,0.0% (0 of 47) precincts reporting,0,0.0,0,0.0,"September 14, 2021, 8:36 p.m.",2021-09-15T03:40:20+00:00
lake,0.0% (0 of 70) precincts reporting,0,0.0,0,0.0,"September 14, 2021, 8:36 p.m.",2021-09-15T03:40:20+00:00
modoc,0.0% (0 of 21) precincts reporting,0,0.0,0,0.0,"September 14, 2021, 8:36 p.m.",2021-09-15T03:40:20+00:00
mono,0.0% (0 of 12) precincts reporting,0,0.0,0,0.0,"September 14, 2021, 8:36 p.m.",2021-09-15T03:40:20+00:00
santa-cruz,0.0% (0 of 85) precincts reporting,0,0.0,0,0.0,"September 14, 2021, 8:36 p.m.",2021-09-15T03:40:20+00:00
shasta,0.0% (0 of 98) precincts reporting,0,0.0,0,0.0,"September 14, 2021, 8:36 p.m.",2021-09-15T03:40:20+00:00
sierra,0.0% (0 of 23) precincts reporting,0,0.0,0,0.0,"September 14, 2021, 8:36 p.m.",2021-09-15T03:40:20+00:00
siskiyou,0.0% (0 of 54) precincts reporting,0,0.0,0,0.0,"September 14, 2021, 8:36 p.m.",2021-09-15T03:40:20+00:00
statewide,"16.7% (3,031 of 18,185) precincts reporting",2478640,32.1,5238573,67.9,"September 14, 2021, 8:36 p.m.",2021-09-15T03:40:20+00:00
sutter,0.0% (0 of 29) precincts reporting,0,0.0,0,0.0,"September 14, 2021, 8:36 p.m.",2021-09-15T03:40:20+00:00
tehama,0.0% (0 of 33) precincts reporting,3744,67.7,1783,32.3,"September 14, 2021, 8:36 p.m.",2021-09-15T03:40:20+00:00
tulare,0.0% (0 of 83) precincts reporting,35307,55.3,28588,44.7,"September 14, 2021, 8:34 p.m.",2021-09-15T03:40:20+00:00
tuolumne,0.0% (0 of 41) precincts reporting,0,0.0,0,0.0,"September 14, 2021, 8:36 p.m.",2021-09-15T03:40:20+00:00
ventura,0.0% (0 of 697) precincts reporting,73618,35.6,133407,64.4,"September 14, 2021, 8:36 p.m.",2021-09-15T03:40:20+00:00
yuba,0.0% (0 of 36) precincts reporting,0,0.0,0,0.0,"September 14, 2021, 8:36 p.m.",2021-09-15T03:40:20+00:00
alpine,0.0% (0 of 5) precincts reporting,0,0.0,0,0.0,"September 14, 2021, 8:46 p.m.",2021-09-15T03:50:15+00:00
butte,0.0% (0 of 156) precincts reporting,0,0.0,0,0.0,"September 14, 2021, 8:46 p.m.",2021-09-15T03:50:15+00:00
calaveras,0.0% (0 of 29) precincts reporting,0,0.0,0,0.0,"September 14, 2021, 8:46 p.m.",2021-09-15T03:50:15+00:00
colusa,33.3% (6 of 18) precincts reporting,2124,60.7,1373,39.3,"September 14, 2021, 8:46 p.m.",2021-09-15T03:50:15+00:00
del-norte,0.0% (0 of 18) precincts reporting,3517,55.5,2823,44.5,"September 14, 2021, 8:44 p.m.",2021-09-15T03:50:15+00:00
humboldt,0.0% (0 of 47) precincts reporting,0,0.0,0,0.0,"September 14, 2021, 8:46 p.m.",2021-09-15T03:50:15+00:00
lake,0.0% (0 of 70) precincts reporting,0,0.0,0,0.0,"September 14, 2021, 8:46 p.m.",2021-09-15T03:50:15+00:00
modoc,0.0% (0 of 21) precincts reporting,0,0.0,0,0.0,"September 14, 2021, 8:46 p.m.",2021-09-15T03:50:15+00:00
mono,0.0% (0 of 12) precincts reporting,0,0.0,0,0.0,"September 14, 2021, 8:46 p.m.",2021-09-15T03:50:15+00:00
santa-cruz,0.0% (0 of 85) precincts reporting,0,0.0,0,0.0,"September 14, 2021, 8:46 p.m.",2021-09-15T03:50:15+00:00
shasta,0.0% (0 of 98) precincts reporting,0,0.0,0,0.0,"September 14, 2021, 8:46 p.m.",2021-09-15T03:50:15+00:00
sierra,100.0% (23 of 23) precincts reporting,903,61.9,555,38.1,"September 14, 2021, 8:43 p.m.",2021-09-15T03:50:15+00:00
siskiyou,0.0% (0 of 54) precincts reporting,0,0.0,0,0.0,"September 14, 2021, 8:46 p.m.",2021-09-15T03:50:15+00:00
statewide,"17.2% (3,130 of 18,185) precincts reporting",2509175,32.3,5259884,67.7,"September 14, 2021, 8:46 p.m.",2021-09-15T03:50:15+00:00
sutter,100.0% (29 of 29) precincts reporting,11114,59.2,7664,40.8,"September 14, 2021, 8:44 p.m.",2021-09-15T03:50:15+00:00
tuolumne,100.0% (41 of 41) precincts reporting,12877,59.1,8896,40.9,"September 14, 2021, 8:45 p.m.",2021-09-15T03:50:15+00:00
yuba,0.0% (0 of 36) precincts reporting,0,0.0,0,0.0,"September 14, 2021, 8:46 p.m.",2021-09-15T03:50:15+00:00
alpine,0.0% (0 of 5) precincts reporting,0,0.0,0,0.0,"September 14, 2021, 8:51 p.m.",2021-09-15T03:54:11+00:00
butte,0.0% (0 of 156) precincts reporting,0,0.0,0,0.0,"September 14, 2021, 8:51 p.m.",2021-09-15T03:54:11+00:00
calaveras,0.0% (0 of 29) precincts reporting,0,0.0,0,0.0,"September 14, 2021, 8:51 p.m.",2021-09-15T03:54:11+00:00
humboldt,0.0% (0 of 47) precincts reporting,0,0.0,0,0.0,"September 14, 2021, 8:51 p.m.",2021-09-15T03:54:11+00:00
lake,0.0% (0 of 70) precincts reporting,0,0.0,0,0.0,"September 14, 2021, 8:51 p.m.",2021-09-15T03:54:11+00:00
los-angeles,"100.0% (2,799 of 2,799) precincts reporting",532923,26.4,1486489,73.6,"September 14, 2021, 8:51 p.m.",2021-09-15T03:54:11+00:00
modoc,57.1% (12 of 21) precincts reporting,1895,75.3,623,24.7,"September 14, 2021, 8:47 p.m.",2021-09-15T03:54:11+00:00
mono,0.0% (0 of 12) precincts reporting,0,0.0,0,0.0,"September 14, 2021, 8:51 p.m.",2021-09-15T03:54:11+00:00
santa-cruz,0.0% (0 of 85) precincts reporting,0,0.0,0,0.0,"September 14, 2021, 8:51 p.m.",2021-09-15T03:54:11+00:00
shasta,0.0% (0 of 98) precincts reporting,0,0.0,0,0.0,"September 14, 2021, 8:51 p.m.",2021-09-15T03:54:11+00:00
siskiyou,35.2% (19 of 54) precincts reporting,6935,55.8,5502,44.2,"September 14, 2021, 8:49 p.m.",2021-09-15T03:54:11+00:00
statewide,"32.8% (5,960 of 18,185) precincts reporting",2612118,32.9,5338144,67.1,"September 14, 2021, 8:51 p.m.",2021-09-15T03:54:11+00:00
yuba,0.0% (0 of 36) precincts reporting,0,0.0,0,0.0,"September 14, 2021, 8:51 p.m.",2021-09-15T03:54:11+00:00
alpine,0.0% (0 of 5) precincts reporting,0,0.0,0,0.0,"September 14, 2021, 8:55 p.m.",2021-09-15T04:00:18+00:00
butte,0.0% (0 of 156) precincts reporting,0,0.0,0,0.0,"September 14, 2021, 8:55 p.m.",2021-09-15T04:00:18+00:00
calaveras,0.0% (0 of 29) precincts reporting,0,0.0,0,0.0,"September 14, 2021, 8:55 p.m.",2021-09-15T04:00:18+00:00
humboldt,0.0% (0 of 47) precincts reporting,0,0.0,0,0.0,"September 14, 2021, 8:55 p.m.",2021-09-15T04:00:18+00:00
lake,0.0% (0 of 70) precincts reporting,2482,36.5,4313,63.5,"September 14, 2021, 8:55 p.m.",2021-09-15T04:00:18+00:00
mono,0.0% (0 of 12) precincts reporting,0,0.0,0,0.0,"September 14, 2021, 8:55 p.m.",2021-09-15T04:00:18+00:00
santa-cruz,0.0% (0 of 85) precincts reporting,0,0.0,0,0.0,"September 14, 2021, 8:55 p.m.",2021-09-15T04:00:18+00:00
shasta,0.0% (0 of 98) precincts reporting,0,0.0,0,0.0,"September 14, 2021, 8:55 p.m.",2021-09-15T04:00:18+00:00
statewide,"32.8% (5,960 of 18,185) precincts reporting",2614600,32.9,5342457,67.1,"September 14, 2021, 8:55 p.m.",2021-09-15T04:00:18+00:00
yuba,0.0% (0 of 36) precincts reporting,0,0.0,0,0.0,"September 14, 2021, 8:55 p.m.",2021-09-15T04:00:18+00:00
alpine,20.0% (1 of 5) precincts reporting,53,43.8,68,56.2,"September 14, 2021, 8:58 p.m.",2021-09-15T04:04:11+00:00
butte,0.0% (0 of 156) precincts reporting,0,0.0,0,0.0,"September 14, 2021, 9:01 p.m.",2021-09-15T04:04:11+00:00
calaveras,0.0% (0 of 29) precincts reporting,0,0.0,0,0.0,"September 14, 2021, 9:01 p.m.",2021-09-15T04:04:11+00:00
el-dorado,100.0% (103 of 103) precincts reporting,34613,53.4,30194,46.6,"September 14, 2021, 9:01 p.m.",2021-09-15T04:04:11+00:00
humboldt,0.0% (0 of 47) precincts reporting,0,0.0,0,0.0,"September 14, 2021, 9:01 p.m.",2021-09-15T04:04:11+00:00
lassen,100.0% (57 of 57) precincts reporting,6590,82.9,1357,17.1,"September 14, 2021, 8:59 p.m.",2021-09-15T04:04:11+00:00
mono,0.0% (0 of 12) precincts reporting,0,0.0,0,0.0,"September 14, 2021, 9:01 p.m.",2021-09-15T04:04:11+00:00
santa-cruz,11.8% (10 of 85) precincts reporting,13244,18.4,58681,81.6,"September 14, 2021, 8:57 p.m.",2021-09-15T04:04:11+00:00
shasta,0.0% (0 of 98) precincts reporting,22194,60.3,14589,39.7,"September 14, 2021, 8:57 p.m.",2021-09-15T04:04:11+00:00
statewide,"33.4% (6,074 of 18,185) precincts reporting",2652453,32.9,5416189,67.1,"September 14, 2021, 9:01 p.m.",2021-09-15T04:04:11+00:00
yuba,0.0% (0 of 36) precincts reporting,0,0.0,0,0.0,"September 14, 2021, 9:01 p.m.",2021-09-15T04:04:11+00:00
butte,0.0% (0 of 156) precincts reporting,0,0.0,0,0.0,"September 14, 2021, 9:03 p.m.",2021-09-15T04:10:18+00:00
calaveras,0.0% (0 of 29) precincts reporting,0,0.0,0,0.0,"September 14, 2021, 9:03 p.m.",2021-09-15T04:10:18+00:00
humboldt,0.0% (0 of 47) precincts reporting,0,0.0,0,0.0,"September 14, 2021, 9:03 p.m.",2021-09-15T04:10:18+00:00
mono,0.0% (0 of 12) precincts reporting,0,0.0,0,0.0,"September 14, 2021, 9:03 p.m.",2021-09-15T04:10:18+00:00
san-mateo,0.0% (0 of 338) precincts reporting,41014,19.4,170059,80.6,"September 14, 2021, 9:03 p.m.",2021-09-15T04:10:18+00:00
statewide,"33.4% (6,074 of 18,185) precincts reporting",2653610,32.9,5417670,67.1,"September 14, 2021, 9:03 p.m.",2021-09-15T04:10:18+00:00
yuba,0.0% (0 of 36) precincts reporting,0,0.0,0,0.0,"September 14, 2021, 9:03 p.m.",2021-09-15T04:10:18+00:00
butte,100.0% (156 of 156) precincts reporting,32195,51.5,30348,48.5,"September 14, 2021, 9:08 p.m.",2021-09-15T04:15:14+00:00
calaveras,0.0% (0 of 29) precincts reporting,0,0.0,0,0.0,"September 14, 2021, 9:08 p.m.",2021-09-15T04:15:14+00:00
humboldt,0.0% (0 of 47) precincts reporting,0,0.0,0,0.0,"September 14, 2021, 9:08 p.m.",2021-09-15T04:15:14+00:00
mariposa,100.0% (25 of 25) precincts reporting,4572,59.7,3086,40.3,"September 14, 2021, 9:08 p.m.",2021-09-15T04:15:14+00:00
mono,0.0% (0 of 12) precincts reporting,0,0.0,0,0.0,"September 14, 2021, 9:08 p.m.",2021-09-15T04:15:14+00:00
statewide,"34.3% (6,235 of 18,185) precincts reporting",2686168,33.0,5448147,67.0,"September 14, 2021, 9:08 p.m.",2021-09-15T04:15:14+00:00
yuba,0.0% (0 of 36) precincts reporting,0,0.0,0,0.0,"September 14, 2021, 9:08 p.m.",2021-09-15T04:15:14+00:00
calaveras,0.0% (0 of 29) precincts reporting,0,0.0,0,0.0,"September 14, 2021, 9:15 p.m.",2021-09-15T04:19:12+00:00
humboldt,0.0% (0 of 47) precincts reporting,0,0.0,0,0.0,"September 14, 2021, 9:15 p.m.",2021-09-15T04:19:12+00:00
merced,100.0% (269 of 269) precincts reporting,16088,48.4,17171,51.6,"September 14, 2021, 9:13 p.m.",2021-09-15T04:19:12+00:00
mono,0.0% (0 of 12) precincts reporting,0,0.0,0,0.0,"September 14, 2021, 9:15 p.m.",2021-09-15T04:19:12+00:00
solano,4.3% (8 of 187) precincts reporting,30217,30.6,68692,69.4,"September 14, 2021, 9:15 p.m.",2021-09-15T04:19:12+00:00
statewide,"35.8% (6,512 of 18,185) precincts reporting",2687186,33.0,5448601,67.0,"September 14, 2021, 9:15 p.m.",2021-09-15T04:19:12+00:00
yuba,0.0% (0 of 36) precincts reporting,0,0.0,0,0.0,"September 14, 2021, 9:15 p.m.",2021-09-15T04:19:12+00:00
calaveras,0.0% (0 of 29) precincts reporting,0,0.0,0,0.0,"September 14, 2021, 9:21 p.m.",2021-09-15T04:25:14+00:00
humboldt,0.0% (0 of 47) precincts reporting,0,0.0,0,0.0,"September 14, 2021, 9:21 p.m.",2021-09-15T04:25:14+00:00
mono,0.0% (0 of 12) precincts reporting,0,0.0,0,0.0,"September 14, 2021, 9:21 p.m.",2021-09-15T04:25:14+00:00
orange,"100.0% (1,801 of 1,801) precincts reporting",318339,42.1,438676,57.9,"September 14, 2021, 9:19 p.m.",2021-09-15T04:25:14+00:00
santa-barbara,1.7% (2 of 115) precincts reporting,31701,32.5,65941,67.5,"September 14, 2021, 9:21 p.m.",2021-09-15T04:25:14+00:00
statewide,"45.7% (8,315 of 18,185) precincts reporting",2712317,33.1,5472686,66.9,"September 14, 2021, 9:21 p.m.",2021-09-15T04:25:14+00:00
yuba,0.0% (0 of 36) precincts reporting,6445,56.5,4959,43.5,"September 14, 2021, 9:17 p.m.",2021-09-15T04:25:14+00:00
alpine,40.0% (2 of 5) precincts reporting,98,40.8,142,59.2,"September 14, 2021, 9:23 p.m.",2021-09-15T04:29:14+00:00
calaveras,0.0% (0 of 29) precincts reporting,0,0.0,0,0.0,"September 14, 2021, 9:26 p.m.",2021-09-15T04:29:14+00:00
contra-costa,0.0% (0 of 958) precincts reporting,70220,24.1,220567,75.9,"September 14, 2021, 9:26 p.m.",2021-09-15T04:29:14+00:00
humboldt,0.0% (0 of 47) precincts reporting,0,0.0,0,0.0,"September 14, 2021, 9:26 p.m.",2021-09-15T04:29:14+00:00
mono,25.0% (3 of 12) precincts reporting,1208,38.3,1945,61.7,"September 14, 2021, 9:25 p.m.",2021-09-15T04:29:14+00:00
statewide,"45.7% (8,319 of 18,185) precincts reporting",2724818,33.2,5486453,66.8,"September 14, 2021, 9:26 p.m.",2021-09-15T04:29:14+00:00
ventura,0.0% (0 of 697) precincts reporting,81155,37.5,135314,62.5,"September 14, 2021, 9:22 p.m.",2021-09-15T04:29:14+00:00
calaveras,0.0% (0 of 29) precincts reporting,0,0.0,0,0.0,"September 14, 2021, 9:31 p.m.",2021-09-15T04:35:11+00:00
del-norte,100.0% (18 of 18) precincts reporting,4198,58.0,3038,42.0,"September 14, 2021, 9:30 p.m.",2021-09-15T04:35:11+00:00
humboldt,0.0% (0 of 47) precincts reporting,0,0.0,0,0.0,"September 14, 2021, 9:31 p.m.",2021-09-15T04:35:11+00:00
san-benito,100.0% (18 of 18) precincts reporting,5788,39.1,9030,60.9,"September 14, 2021, 9:29 p.m.",2021-09-15T04:35:11+00:00
san-mateo,0.0% (0 of 338) precincts reporting,41670,19.6,170635,80.4,"September 14, 2021, 9:31 p.m.",2021-09-15T04:35:11+00:00
statewide,"45.9% (8,355 of 18,185) precincts reporting",2726265,33.2,5487296,66.8,"September 14, 2021, 9:31 p.m.",2021-09-15T04:35:11+00:00
calaveras,0.0% (0 of 29) precincts reporting,0,0.0,0,0.0,"September 14, 2021, 9:35 p.m.",2021-09-15T04:39:14+00:00
humboldt,0.0% (0 of 47) precincts reporting,10942,31.7,23615,68.3,"September 14, 2021, 9:34 p.m.",2021-09-15T04:39:14+00:00
siskiyou,53.7% (29 of 54) precincts reporting,7228,56.5,5555,43.5,"September 14, 2021, 9:34 p.m.",2021-09-15T04:39:14+00:00
sonoma,3.4% (11 of 324) precincts reporting,30949,21.7,111914,78.3,"September 14, 2021, 9:35 p.m.",2021-09-15T04:39:14+00:00
statewide,"46.1% (8,376 of 18,185) precincts reporting",2737603,33.2,5511004,66.8,"September 14, 2021, 9:35 p.m.",2021-09-15T04:39:14+00:00
alameda,100.0% (521 of 521) precincts reporting,54648,16.5,277536,83.5,"September 14, 2021, 9:37 p.m.",2021-09-15T04:45:15+00:00
calaveras,0.0% (0 of 29) precincts reporting,0,0.0,0,0.0,"September 14, 2021, 9:41 p.m.",2021-09-15T04:45:15+00:00
orange,"100.0% (1,801 of 1,801) precincts reporting",329895,42.7,443118,57.3,"September 14, 2021, 9:39 p.m.",2021-09-15T04:45:15+00:00
santa-barbara,14.8% (17 of 115) precincts reporting,32129,32.6,66405,67.4,"September 14, 2021, 9:41 p.m.",2021-09-15T04:45:15+00:00
statewide,"49.0% (8,912 of 18,185) precincts reporting",2754978,33.3,5521379,66.7,"September 14, 2021, 9:41 p.m.",2021-09-15T04:45:15+00:00
calaveras,0.0% (0 of 29) precincts reporting,0,0.0,0,0.0,"September 14, 2021, 9:45 p.m.",2021-09-15T04:49:17+00:00
santa-clara,98.0% (499 of 509) precincts reporting,108955,23.2,361523,76.8,"September 14, 2021, 9:45 p.m.",2021-09-15T04:49:17+00:00
statewide,"49.0% (8,912 of 18,185) precincts reporting",2765776,33.3,5533178,66.7,"September 14, 2021, 9:45 p.m.",2021-09-15T04:49:17+00:00
alpine,60.0% (3 of 5) precincts reporting,110,37.9,180,62.1,"September 14, 2021, 9:49 p.m.",2021-09-15T04:55:19+00:00
calaveras,0.0% (0 of 29) precincts reporting,0,0.0,0,0.0,"September 14, 2021, 9:49 p.m.",2021-09-15T04:55:19+00:00
marin,25.0% (26 of 104) precincts reporting,14243,15.3,78988,84.7,"September 14, 2021, 9:47 p.m.",2021-09-15T04:55:19+00:00
san-francisco,67.9% (415 of 611) precincts reporting,33610,12.9,226642,87.1,"September 14, 2021, 9:47 p.m.",2021-09-15T04:55:19+00:00
statewide,"51.4% (9,354 of 18,185) precincts reporting",2769601,33.3,5544459,66.7,"September 14, 2021, 9:49 p.m.",2021-09-15T04:55:19+00:00
calaveras,0.0% (0 of 29) precincts reporting,0,0.0,0,0.0,"September 14, 2021, 9:52 p.m.",2021-09-15T04:59:15+00:00
inyo,95.0% (19 of 20) precincts reporting,2130,48.2,2293,51.8,"September 14, 2021, 9:52 p.m.",2021-09-15T04:59:15+00:00
statewide,"51.4% (9,354 of 18,185) precincts reporting",2769676,33.3,5544477,66.7,"September 14, 2021, 9:52 p.m.",2021-09-15T04:59:15+00:00
calaveras,0.0% (0 of 29) precincts reporting,0,0.0,0,0.0,"September 14, 2021, 10:01 p.m.",2021-09-15T05:05:14+00:00
glenn,100.0% (34 of 34) precincts reporting,4393,69.4,1941,30.6,"September 14, 2021, 10:01 p.m.",2021-09-15T05:05:14+00:00
nevada,100.0% (112 of 112) precincts reporting,17277,42.3,23519,57.7,"September 14, 2021, 10:01 p.m.",2021-09-15T05:05:14+00:00
sacramento,100.0% (602 of 602) precincts reporting,104631,35.1,193751,64.9,"September 14, 2021, 9:57 p.m.",2021-09-15T05:05:14+00:00
san-joaquin,0.0% (0 of 269) precincts reporting,48710,42.7,65489,57.3,"September 14, 2021, 9:56 p.m.",2021-09-15T05:05:14+00:00
siskiyou,68.5% (37 of 54) precincts reporting,7500,57.2,5621,42.8,"September 14, 2021, 9:57 p.m.",2021-09-15T05:05:14+00:00
statewide,"51.8% (9,412 of 18,185) precincts reporting",2780095,33.4,5548121,66.6,"September 14, 2021, 10:01 p.m.",2021-09-15T05:05:14+00:00
tuolumne,100.0% (41 of 41) precincts reporting,14148,60.4,9267,39.6,"September 14, 2021, 10:01 p.m.",2021-09-15T05:05:14+00:00
alpine,80.0% (4 of 5) precincts reporting,143,35.2,263,64.8,"September 14, 2021, 10:06 p.m.",2021-09-15T05:09:18+00:00
calaveras,0.0% (0 of 29) precincts reporting,0,0.0,0,0.0,"September 14, 2021, 10:06 p.m.",2021-09-15T05:09:18+00:00
san-joaquin,4.5% (12 of 269) precincts reporting,48710,42.7,65489,57.3,"September 14, 2021, 10:05 p.m.",2021-09-15T05:09:18+00:00
san-mateo,0.0% (0 of 338) precincts reporting,42374,19.8,171191,80.2,"September 14, 2021, 10:03 p.m.",2021-09-15T05:09:18+00:00
statewide,"51.8% (9,425 of 18,185) precincts reporting",2780832,33.4,5548760,66.6,"September 14, 2021, 10:06 p.m.",2021-09-15T05:09:18+00:00
calaveras,0.0% (0 of 29) precincts reporting,0,0.0,0,0.0,"September 14, 2021, 10:11 p.m.",2021-09-15T05:15:16+00:00
colusa,100.0% (18 of 18) precincts reporting,2434,62.9,1436,37.1,"September 14, 2021, 10:07 p.m.",2021-09-15T05:15:16+00:00
fresno,0.0% (0 of 279) precincts reporting,78711,47.7,86231,52.3,"September 14, 2021, 10:09 p.m.",2021-09-15T05:15:16+00:00
kings,100.0% (30 of 30) precincts reporting,14828,62.8,8799,37.2,"September 14, 2021, 10:07 p.m.",2021-09-15T05:15:16+00:00
madera,80.6% (58 of 72) precincts reporting,17681,58.3,12666,41.7,"September 14, 2021, 10:09 p.m.",2021-09-15T05:15:16+00:00
monterey,0.0% (0 of 188) precincts reporting,23576,28.5,59157,71.5,"September 14, 2021, 10:09 p.m.",2021-09-15T05:15:16+00:00
napa,99.5% (190 of 191) precincts reporting,10796,29.0,26371,71.0,"September 14, 2021, 10:10 p.m.",2021-09-15T05:15:16+00:00
orange,"100.0% (1,801 of 1,801) precincts reporting",351144,43.9,448197,56.1,"September 14, 2021, 10:07 p.m.",2021-09-15T05:15:16+00:00
san-benito,100.0% (18 of 18) precincts reporting,6407,40.8,9295,59.2,"September 14, 2021, 10:09 p.m.",2021-09-15T05:15:16+00:00
san-bernardino,"23.9% (418 of 1,749) precincts reporting",137400,42.9,183193,57.1,"September 14, 2021, 10:07 p.m.",2021-09-15T05:15:16+00:00
san-diego,"0.0% (0 of 1,825) precincts reporting",326454,39.7,495287,60.3,"September 14, 2021, 10:11 p.m.",2021-09-15T05:15:16+00:00
santa-barbara,26.1% (30 of 115) precincts reporting,32812,32.9,66858,67.1,"September 14, 2021, 10:07 p.m.",2021-09-15T05:15:16+00:00
statewide,"53.8% (9,789 of 18,185) precincts reporting",2829790,33.7,5566816,66.3,"September 14, 2021, 10:11 p.m.",2021-09-15T05:15:16+00:00
butte,100.0% (156 of 156) precincts reporting,34491,52.2,31646,47.8,"September 14, 2021, 10:16 p.m.",2021-09-15T05:19:12+00:00
calaveras,0.0% (0 of 29) precincts reporting,0,0.0,0,0.0,"September 14, 2021, 10:16 p.m.",2021-09-15T05:19:12+00:00
mendocino,0.0% (0 of 250) precincts reporting,5617,30.2,12955,69.8,"September 14, 2021, 10:14 p.m.",2021-09-15T05:19:12+00:00
modoc,85.7% (18 of 21) precincts reporting,2082,76.7,634,23.3,"September 14, 2021, 10:14 p.m.",2021-09-15T05:19:12+00:00
statewide,"53.9% (9,795 of 18,185) precincts reporting",2832348,33.7,5568175,66.3,"September 14, 2021, 10:16 p.m.",2021-09-15T05:19:12+00:00
calaveras,0.0% (0 of 29) precincts reporting,0,0.0,0,0.0,"September 14, 2021, 10:21 p.m.",2021-09-15T05:25:15+00:00
kern,59.7% (434 of 727) precincts reporting,45795,55.6,36604,44.4,"September 14, 2021, 10:17 p.m.",2021-09-15T05:25:15+00:00
san-luis-obispo,24.7% (23 of 93) precincts reporting,21142,39.6,32235,60.4,"September 14, 2021, 10:21 p.m.",2021-09-15T05:25:15+00:00
shasta,50.0% (49 of 98) precincts reporting,25424,62.7,15155,37.3,"September 14, 2021, 10:19 p.m.",2021-09-15T05:25:15+00:00
solano,32.6% (61 of 187) precincts reporting,34658,32.4,72322,67.6,"September 14, 2021, 10:19 p.m.",2021-09-15T05:25:15+00:00
statewide,"54.9% (9,992 of 18,185) precincts reporting",2841412,33.8,5572843,66.2,"September 14, 2021, 10:21 p.m.",2021-09-15T05:25:15+00:00
calaveras,0.0% (0 of 29) precincts reporting,0,0.0,0,0.0,"September 14, 2021, 10:26 p.m.",2021-09-15T05:29:12+00:00
imperial,83.6% (183 of 219) precincts reporting,5206,37.3,8744,62.7,"September 14, 2021, 10:26 p.m.",2021-09-15T05:29:12+00:00
riverside,85.6% (653 of 763) precincts reporting,216177,45.8,255874,54.2,"September 14, 2021, 10:25 p.m.",2021-09-15T05:29:12+00:00
statewide,"55.2% (10,037 of 18,185) precincts reporting",2847786,33.8,5575992,66.2,"September 14, 2021, 10:26 p.m.",2021-09-15T05:29:12+00:00
tehama,78.8% (26 of 33) precincts reporting,4875,71.7,1922,28.3,"September 14, 2021, 10:24 p.m.",2021-09-15T05:29:12+00:00
ventura,0.0% (0 of 697) precincts reporting,82509,37.8,135954,62.2,"September 14, 2021, 10:23 p.m.",2021-09-15T05:29:12+00:00
yolo,96.9% (31 of 32) precincts reporting,13638,27.2,36498,72.8,"September 14, 2021, 10:22 p.m.",2021-09-15T05:29:12+00:00
calaveras,0.0% (0 of 29) precincts reporting,0,0.0,0,0.0,"September 14, 2021, 10:31 p.m.",2021-09-15T05:35:13+00:00
fresno,0.0% (0 of 279) precincts reporting,89420,50.0,89389,50.0,"September 14, 2021, 10:31 p.m.",2021-09-15T05:35:13+00:00
san-mateo,0.0% (0 of 338) precincts reporting,43312,20.1,171896,79.9,"September 14, 2021, 10:31 p.m.",2021-09-15T05:35:13+00:00
stanislaus,100.0% (87 of 87) precincts reporting,50524,50.3,49903,49.7,"September 14, 2021, 10:31 p.m.",2021-09-15T05:35:13+00:00
statewide,"55.2% (10,037 of 18,185) precincts reporting",2860362,33.9,5580154,66.1,"September 14, 2021, 10:31 p.m.",2021-09-15T05:35:13+00:00
calaveras,100.0% (29 of 29) precincts reporting,11450,61.7,7106,38.3,"September 14, 2021, 10:35 p.m.",2021-09-15T05:39:21+00:00
san-francisco,99.3% (607 of 611) precincts reporting,35548,13.3,231765,86.7,"September 14, 2021, 10:35 p.m.",2021-09-15T05:39:21+00:00
santa-barbara,40.0% (46 of 115) precincts reporting,33817,33.4,67417,66.6,"September 14, 2021, 10:35 p.m.",2021-09-15T05:39:21+00:00
statewide,"56.5% (10,274 of 18,185) precincts reporting",2874755,33.9,5592942,66.1,"September 14, 2021, 10:35 p.m.",2021-09-15T05:39:21+00:00
contra-costa,0.0% (0 of 958) precincts reporting,84069,25.9,239932,74.1,"September 14, 2021, 10:38 p.m.",2021-09-15T05:45:14+00:00
humboldt,0.0% (0 of 47) precincts reporting,10942,31.7,23615,68.3,"September 14, 2021, 10:41 p.m.",2021-09-15T05:45:14+00:00
orange,"100.0% (1,801 of 1,801) precincts reporting",376899,45.3,454980,54.7,"September 14, 2021, 10:41 p.m.",2021-09-15T05:45:14+00:00
placer,57.4% (152 of 265) precincts reporting,52393,48.7,55177,51.3,"September 14, 2021, 10:39 p.m.",2021-09-15T05:45:14+00:00
statewide,"57.5% (10,462 of 18,185) precincts reporting",2916773,34.2,5619487,65.8,"September 14, 2021, 10:41 p.m.",2021-09-15T05:45:14+00:00
yuba,100.0% (36 of 36) precincts reporting,8084,60.8,5208,39.2,"September 14, 2021, 10:39 p.m.",2021-09-15T05:45:14+00:00
el-dorado,100.0% (103 of 103) precincts reporting,36614,54.6,30445,45.4,"September 14, 2021, 10:45 p.m.",2021-09-15T05:49:16+00:00
sonoma,11.1% (36 of 324) precincts reporting,31285,21.8,112069,78.2,"September 14, 2021, 10:45 p.m.",2021-09-15T05:49:16+00:00
statewide,"57.7% (10,487 of 18,185) precincts reporting",2919110,34.2,5619893,65.8,"September 14, 2021, 10:45 p.m.",2021-09-15T05:49:16+00:00
alpine,100.0% (5 of 5) precincts reporting,218,39.1,340,60.9,"September 14, 2021, 10:49 p.m.",2021-09-15T05:55:18+00:00
madera,100.0% (72 of 72) precincts reporting,18271,58.9,12757,41.1,"September 14, 2021, 10:49 p.m.",2021-09-15T05:55:18+00:00
statewide,"57.8% (10,502 of 18,185) precincts reporting",2919775,34.2,5620061,65.8,"September 14, 2021, 10:49 p.m.",2021-09-15T05:55:18+00:00
lake,0.0% (0 of 70) precincts reporting,3308,37.5,5508,62.5,"September 14, 2021, 10:56 p.m.",2021-09-15T05:59:16+00:00
los-angeles,"100.0% (2,799 of 2,799) precincts reporting",538457,26.4,1499315,73.6,"September 14, 2021, 10:53 p.m.",2021-09-15T05:59:16+00:00
san-diego,"0.0% (0 of 1,825) precincts reporting",337601,40.2,501361,59.8,"September 14, 2021, 10:53 p.m.",2021-09-15T05:59:16+00:00
san-joaquin,100.0% (269 of 269) precincts reporting,52479,44.0,66752,56.0,"September 14, 2021, 10:52 p.m.",2021-09-15T05:59:16+00:00
statewide,"59.2% (10,759 of 18,185) precincts reporting",2941051,34.3,5641419,65.7,"September 14, 2021, 10:56 p.m.",2021-09-15T05:59:16+00:00
inyo,100.0% (20 of 20) precincts reporting,2514,50.8,2431,49.2,"September 14, 2021, 10:58 p.m.",2021-09-15T06:05:15+00:00
napa,100.0% (191 of 191) precincts reporting,11098,29.5,26526,70.5,"September 14, 2021, 10:57 p.m.",2021-09-15T06:05:15+00:00
santa-barbara,49.6% (57 of 115) precincts reporting,35298,34.3,67735,65.7,"September 14, 2021, 11:01 p.m.",2021-09-15T06:05:15+00:00
santa-cruz,47.1% (40 of 85) precincts reporting,14022,19.1,59462,80.9,"September 14, 2021, 10:59 p.m.",2021-09-15T06:05:15+00:00
siskiyou,100.0% (54 of 54) precincts reporting,8257,58.7,5811,41.3,"September 14, 2021, 10:59 p.m.",2021-09-15T06:05:15+00:00
statewide,"59.5% (10,819 of 18,185) precincts reporting",2944753,34.3,5643001,65.7,"September 14, 2021, 11:01 p.m.",2021-09-15T06:05:15+00:00
modoc,100.0% (21 of 21) precincts reporting,2505,78.0,706,22.0,"September 14, 2021, 11:02 p.m.",2021-09-15T06:09:17+00:00
orange,"100.0% (1,801 of 1,801) precincts reporting",409424,46.9,462696,53.1,"September 14, 2021, 11:03 p.m.",2021-09-15T06:09:17+00:00
san-mateo,0.0% (0 of 338) precincts reporting,43580,20.2,172150,79.8,"September 14, 2021, 11:03 p.m.",2021-09-15T06:09:17+00:00
santa-clara,100.0% (509 of 509) precincts reporting,116687,24.1,367471,75.9,"September 14, 2021, 11:03 p.m.",2021-09-15T06:09:17+00:00
shasta,76.5% (75 of 98) precincts reporting,28084,64.5,15469,35.5,"September 14, 2021, 11:06 p.m.",2021-09-15T06:09:17+00:00
statewide,"59.7% (10,858 of 18,185) precincts reporting",2988361,34.6,5657305,65.4,"September 14, 2021, 11:06 p.m.",2021-09-15T06:09:17+00:00
contra-costa,100.0% (958 of 958) precincts reporting,92905,26.9,252879,73.1,"September 14, 2021, 11:07 p.m.",2021-09-15T06:15:21+00:00
monterey,0.0% (0 of 188) precincts reporting,24043,28.8,59335,71.2,"September 14, 2021, 11:11 p.m.",2021-09-15T06:15:21+00:00
san-francisco,100.0% (611 of 611) precincts reporting,35571,13.3,231861,86.7,"September 14, 2021, 11:11 p.m.",2021-09-15T06:15:21+00:00
statewide,"65.0% (11,827 of 18,185) precincts reporting",2998533,34.6,5670639,65.4,"September 14, 2021, 11:11 p.m.",2021-09-15T06:15:21+00:00
tehama,100.0% (33 of 33) precincts reporting,5721,73.8,2035,26.2,"September 14, 2021, 11:08 p.m.",2021-09-15T06:15:21+00:00
fresno,100.0% (279 of 279) precincts reporting,90181,50.2,89502,49.8,"September 14, 2021, 11:15 p.m.",2021-09-15T06:19:16+00:00
los-angeles,"100.0% (2,799 of 2,799) precincts reporting",545134,26.6,1506570,73.4,"September 14, 2021, 11:13 p.m.",2021-09-15T06:19:16+00:00
mono,100.0% (12 of 12) precincts reporting,1540,42.6,2074,57.4,"September 14, 2021, 11:15 p.m.",2021-09-15T06:19:16+00:00
statewide,"66.6% (12,115 of 18,185) precincts reporting",3010386,34.6,5679741,65.4,"September 14, 2021, 11:15 p.m.",2021-09-15T06:19:16+00:00
ventura,0.0% (0 of 697) precincts reporting,86592,38.6,137559,61.4,"September 14, 2021, 11:15 p.m.",2021-09-15T06:19:16+00:00
butte,100.0% (156 of 156) precincts reporting,35182,52.5,31774,47.5,"September 14, 2021, 11:18 p.m.",2021-09-15T06:25:16+00:00
marin,99.0% (103 of 104) precincts reporting,14860,15.7,79594,84.3,"September 14, 2021, 11:17 p.m.",2021-09-15T06:25:16+00:00
statewide,"67.0% (12,192 of 18,185) precincts reporting",3011694,34.6,5680475,65.4,"September 14, 2021, 11:18 p.m.",2021-09-15T06:25:16+00:00
el-dorado,100.0% (103 of 103) precincts reporting,37723,55.1,30715,44.9,"September 14, 2021, 11:23 p.m.",2021-09-15T06:29:14+00:00
statewide,"67.0% (12,192 of 18,185) precincts reporting",3012803,34.7,5680745,65.3,"September 14, 2021, 11:23 p.m.",2021-09-15T06:29:14+00:00
alameda,100.0% (521 of 521) precincts reporting,57632,16.9,283971,83.1,"September 14, 2021, 11:29 p.m.",2021-09-15T06:35:20+00:00
merced,100.0% (269 of 269) precincts reporting,17336,49.3,17824,50.7,"September 14, 2021, 11:29 p.m.",2021-09-15T06:35:20+00:00
riverside,86.2% (658 of 763) precincts reporting,228225,46.8,259623,53.2,"September 14, 2021, 11:29 p.m.",2021-09-15T06:35:20+00:00
san-mateo,0.0% (0 of 338) precincts reporting,43915,20.3,172399,79.7,"September 14, 2021, 11:31 p.m.",2021-09-15T06:35:20+00:00
santa-barbara,100.0% (115 of 115) precincts reporting,36713,35.0,68185,65.0,"September 14, 2021, 11:29 p.m.",2021-09-15T06:35:20+00:00
statewide,"67.4% (12,255 of 18,185) precincts reporting",3030833,34.7,5692281,65.3,"September 14, 2021, 11:31 p.m.",2021-09-15T06:35:20+00:00
humboldt,0.0% (0 of 47) precincts reporting,10942,31.7,23615,68.3,"September 14, 2021, 11:35 p.m.",2021-09-15T06:39:19+00:00
los-angeles,"100.0% (2,799 of 2,799) precincts reporting",555368,26.8,1515551,73.2,"September 14, 2021, 11:33 p.m.",2021-09-15T06:39:19+00:00
san-diego,"0.0% (0 of 1,825) precincts reporting",348917,40.7,507982,59.3,"September 14, 2021, 11:35 p.m.",2021-09-15T06:39:19+00:00
stanislaus,100.0% (87 of 87) precincts reporting,52635,51.1,50469,48.9,"September 14, 2021, 11:36 p.m.",2021-09-15T06:39:19+00:00
statewide,"67.4% (12,255 of 18,185) precincts reporting",3054494,34.9,5708449,65.1,"September 14, 2021, 11:36 p.m.",2021-09-15T06:39:19+00:00
monterey,100.0% (188 of 188) precincts reporting,24456,29.1,59525,70.9,"September 14, 2021, 11:39 p.m.",2021-09-15T06:45:11+00:00
statewide,"68.4% (12,443 of 18,185) precincts reporting",3054907,34.9,5708639,65.1,"September 14, 2021, 11:39 p.m.",2021-09-15T06:45:11+00:00
kern,86.7% (630 of 727) precincts reporting,49347,57.1,37075,42.9,"September 14, 2021, 11:42 p.m.",2021-09-15T06:49:18+00:00
sacramento,100.0% (602 of 602) precincts reporting,108771,35.7,195863,64.3,"September 14, 2021, 11:45 p.m.",2021-09-15T06:49:18+00:00
statewide,"69.5% (12,639 of 18,185) precincts reporting",3062599,34.9,5711222,65.1,"September 14, 2021, 11:45 p.m.",2021-09-15T06:49:18+00:00
humboldt,100.0% (47 of 47) precincts reporting,12772,34.1,24669,65.9,"September 14, 2021, 11:49 p.m.",2021-09-15T06:55:18+00:00
imperial,100.0% (219 of 219) precincts reporting,5572,38.7,8830,61.3,"September 14, 2021, 11:47 p.m.",2021-09-15T06:55:18+00:00
merced,100.0% (269 of 269) precincts reporting,18130,49.9,18168,50.1,"September 14, 2021, 11:47 p.m.",2021-09-15T06:55:18+00:00
statewide,"70.0% (12,722 of 18,185) precincts reporting",3065589,34.9,5712706,65.1,"September 14, 2021, 11:49 p.m.",2021-09-15T06:55:18+00:00
los-angeles,"100.0% (2,799 of 2,799) precincts reporting",564520,27.0,1523789,73.0,"September 14, 2021, 11:53 p.m.",2021-09-15T06:59:19+00:00
orange,"100.0% (1,801 of 1,801) precincts reporting",418362,47.4,464164,52.6,"September 14, 2021, 11:53 p.m.",2021-09-15T06:59:19+00:00
statewide,"70.0% (12,722 of 18,185) precincts reporting",3083679,35.0,5722412,65.0,"September 14, 2021, 11:53 p.m.",2021-09-15T06:59:19+00:00
solano,69.0% (129 of 187) precincts reporting,41248,35.3,75471,64.7,"September 14, 2021, 11:57 p.m.",2021-09-15T07:05:11+00:00
sonoma,100.0% (324 of 324) precincts reporting,31939,22.1,112264,77.9,"September 14, 2021, 11:59 p.m.",2021-09-15T07:05:11+00:00
statewide,"71.9% (13,078 of 18,185) precincts reporting",3090923,35.1,5725756,64.9,"September 14, 2021, 11:59 p.m.",2021-09-15T07:05:11+00:00
san-bernardino,"41.3% (723 of 1,749) precincts reporting",149484,44.4,187018,55.6,"September 15, 2021, 12:05 a.m.",2021-09-15T07:09:17+00:00
santa-cruz,100.0% (85 of 85) precincts reporting,15004,19.8,60654,80.2,"September 15, 2021, 12:05 a.m.",2021-09-15T07:09:17+00:00
statewide,"73.8% (13,428 of 18,185) precincts reporting",3103989,35.1,5730773,64.9,"September 15, 2021, 12:05 a.m.",2021-09-15T07:09:17+00:00
alameda,100.0% (521 of 521) precincts reporting,60716,17.5,287014,82.5,"September 15, 2021, 12:11 a.m.",2021-09-15T07:15:17+00:00
placer,100.0% (265 of 265) precincts reporting,59059,51.1,56455,48.9,"September 15, 2021, 12:07 a.m.",2021-09-15T07:15:17+00:00
statewide,"74.5% (13,541 of 18,185) precincts reporting",3113739,35.2,5735094,64.8,"September 15, 2021, 12:11 a.m.",2021-09-15T07:15:17+00:00
los-angeles,"100.0% (2,799 of 2,799) precincts reporting",576474,27.3,1536428,72.7,"September 15, 2021, 12:15 a.m.",2021-09-15T07:19:14+00:00
solano,100.0% (187 of 187) precincts reporting,42336,35.7,76235,64.3,"September 15, 2021, 12:13 a.m.",2021-09-15T07:19:14+00:00
stanislaus,100.0% (87 of 87) precincts reporting,54507,51.7,50929,48.3,"September 15, 2021, 12:13 a.m.",2021-09-15T07:19:14+00:00
statewide,"74.8% (13,599 of 18,185) precincts reporting",3128653,35.2,5748957,64.8,"September 15, 2021, 12:15 a.m.",2021-09-15T07:19:14+00:00
sacramento,100.0% (602 of 602) precincts reporting,110502,36.0,196291,64.0,"September 15, 2021, 12:17 a.m.",2021-09-15T07:25:16+00:00
statewide,"74.8% (13,599 of 18,185) precincts reporting",3130384,35.3,5749385,64.7,"September 15, 2021, 12:17 a.m.",2021-09-15T07:25:16+00:00
san-mateo,100.0% (338 of 338) precincts reporting,46076,20.9,174757,79.1,"September 15, 2021, 12:25 a.m.",2021-09-15T07:29:17+00:00
shasta,100.0% (98 of 98) precincts reporting,30932,66.3,15726,33.7,"September 15, 2021, 12:23 a.m.",2021-09-15T07:29:17+00:00
statewide,"76.8% (13,961 of 18,185) precincts reporting",3136807,35.3,5753093,64.7,"September 15, 2021, 12:25 a.m.",2021-09-15T07:29:17+00:00
yolo,100.0% (32 of 32) precincts reporting,15052,28.6,37591,71.4,"September 15, 2021, 12:25 a.m.",2021-09-15T07:29:17+00:00
riverside,100.0% (763 of 763) precincts reporting,238526,47.6,262850,52.4,"September 15, 2021, 12:31 a.m.",2021-09-15T07:35:17+00:00
san-luis-obispo,100.0% (93 of 93) precincts reporting,23306,41.5,32903,58.5,"September 15, 2021, 12:29 a.m.",2021-09-15T07:35:17+00:00
statewide,"77.7% (14,136 of 18,185) precincts reporting",3149272,35.4,5756988,64.6,"September 15, 2021, 12:31 a.m.",2021-09-15T07:35:17+00:00
lake,100.0% (70 of 70) precincts reporting,3728,39.9,5605,60.1,"September 15, 2021, 12:34 a.m.",2021-09-15T07:39:12+00:00
statewide,"78.1% (14,206 of 18,185) precincts reporting",3149692,35.4,5757085,64.6,"September 15, 2021, 12:34 a.m.",2021-09-15T07:39:12+00:00
los-angeles,"100.0% (2,799 of 2,799) precincts reporting",590231,27.6,1551089,72.4,"September 15, 2021, 12:37 a.m.",2021-09-15T07:45:17+00:00
mendocino,100.0% (250 of 250) precincts reporting,5686,30.4,13015,69.6,"September 15, 2021, 12:38 a.m.",2021-09-15T07:45:17+00:00
statewide,"79.5% (14,456 of 18,185) precincts reporting",3163518,35.4,5771806,64.6,"September 15, 2021, 12:38 a.m.",2021-09-15T07:45:17+00:00
statewide,"80.0% (14,539 of 18,185) precincts reporting",3171574,35.5,5773815,64.5,"September 15, 2021, 12:44 a.m.",2021-09-15T07:49:20+00:00
tulare,100.0% (83 of 83) precincts reporting,43363,58.6,30597,41.4,"September 15, 2021, 12:44 a.m.",2021-09-15T07:49:20+00:00
marin,100.0% (104 of 104) precincts reporting,14873,15.7,79616,84.3,"September 15, 2021, 12:51 a.m.",2021-09-15T07:55:21+00:00
statewide,"83.8% (15,237 of 18,185) precincts reporting",3180198,35.5,5776361,64.5,"September 15, 2021, 12:51 a.m.",2021-09-15T07:55:21+00:00
ventura,100.0% (697 of 697) precincts reporting,95203,40.5,140083,59.5,"September 15, 2021, 12:50 a.m.",2021-09-15T07:55:21+00:00
los-angeles,"100.0% (2,799 of 2,799) precincts reporting",606929,28.0,1563856,72.0,"September 15, 2021, 12:53 a.m.",2021-09-15T07:59:18+00:00
statewide,"83.8% (15,237 of 18,185) precincts reporting",3196896,35.6,5789128,64.4,"September 15, 2021, 12:53 a.m.",2021-09-15T07:59:18+00:00
san-diego,"100.0% (1,825 of 1,825) precincts reporting",362449,41.4,512975,58.6,"September 15, 2021, 1:05 a.m.",2021-09-15T08:09:20+00:00
statewide,"93.8% (17,062 of 18,185) precincts reporting",3210428,35.7,5794121,64.3,"September 15, 2021, 1:05 a.m.",2021-09-15T08:09:20+00:00
los-angeles,"100.0% (2,799 of 2,799) precincts reporting",621388,28.3,1574920,71.7,"September 15, 2021, 1:15 a.m.",2021-09-15T08:19:16+00:00
statewide,"93.8% (17,062 of 18,185) precincts reporting",3224887,35.7,5805185,64.3,"September 15, 2021, 1:15 a.m.",2021-09-15T08:19:16+00:00
kern,100.0% (727 of 727) precincts reporting,51725,58.1,37262,41.9,"September 15, 2021, 1:18 a.m.",2021-09-15T08:25:17+00:00
statewide,"94.4% (17,159 of 18,185) precincts reporting",3227265,35.7,5805372,64.3,"September 15, 2021, 1:18 a.m.",2021-09-15T08:25:17+00:00
los-angeles,"100.0% (2,799 of 2,799) precincts reporting",639045,28.7,1587896,71.3,"September 15, 2021, 1:41 a.m.",2021-09-15T08:45:12+00:00
statewide,"94.4% (17,159 of 18,185) precincts reporting",3244922,35.8,5818348,64.2,"September 15, 2021, 1:41 a.m.",2021-09-15T08:45:12+00:00
san-bernardino,"58.1% (1,017 of 1,749) precincts reporting",175844,47.2,196422,52.8,"September 15, 2021, 2:05 a.m.",2021-09-15T09:09:16+00:00
statewide,"96.0% (17,453 of 18,185) precincts reporting",3271282,36.0,5827752,64.0,"September 15, 2021, 2:05 a.m.",2021-09-15T09:09:16+00:00
los-angeles,"100.0% (2,799 of 2,799) precincts reporting",657584,29.2,1598140,70.8,"September 15, 2021, 2:15 a.m.",2021-09-15T09:19:19+00:00
statewide,"96.0% (17,453 of 18,185) precincts reporting",3289821,36.0,5837996,64.0,"September 15, 2021, 2:15 a.m.",2021-09-15T09:19:19+00:00
san-bernardino,"100.0% (1,749 of 1,749) precincts reporting",183168,48.0,198709,52.0,"September 15, 2021, 2:55 a.m.",2021-09-15T10:00:15+00:00
statewide,"100.0% (18,185 of 18,185) precincts reporting",3297145,36.1,5840283,63.9,"September 15, 2021, 2:55 a.m.",2021-09-15T10:00:15+00:00
amador,100.0% (30 of 30) precincts reporting,12273,64.7,6695,35.3,"September 15, 2021, 1:57 p.m.",2021-09-15T23:19:24+00:00
glenn,100.0% (34 of 34) precincts reporting,4763,69.9,2047,30.1,"September 15, 2021, 3:25 p.m.",2021-09-15T23:19:24+00:00
san-francisco,100.0% (611 of 611) precincts reporting,35742,13.3,232877,86.7,"September 15, 2021, 4:05 p.m.",2021-09-15T23:19:24+00:00
statewide,"100.0% (18,185 of 18,185) precincts reporting",3298988,36.1,5841689,63.9,"September 15, 2021, 4:05 p.m.",2021-09-15T23:19:24+00:00
lassen,100.0% (57 of 57) precincts reporting,7168,83.7,1393,16.3,"September 15, 2021, 5:25 p.m.",2021-09-16T02:19:26+00:00
orange,"100.0% (1,801 of 1,801) precincts reporting",429480,47.4,477498,52.6,"September 15, 2021, 5:01 p.m.",2021-09-16T02:19:26+00:00
riverside,100.0% (763 of 763) precincts reporting,249783,47.9,271453,52.1,"September 15, 2021, 5:29 p.m.",2021-09-16T02:19:26+00:00
san-luis-obispo,100.0% (93 of 93) precincts reporting,26207,40.8,37977,59.2,"September 15, 2021, 5:05 p.m.",2021-09-16T02:19:26+00:00
santa-clara,100.0% (509 of 509) precincts reporting,123026,24.4,381038,75.6,"September 15, 2021, 4:45 p.m.",2021-09-16T02:19:26+00:00
sierra,100.0% (23 of 23) precincts reporting,1021,63.1,596,36.9,"September 15, 2021, 4:34 p.m.",2021-09-16T02:19:26+00:00
siskiyou,100.0% (54 of 54) precincts reporting,9422,60.6,6131,39.4,"September 15, 2021, 4:26 p.m.",2021-09-16T02:19:26+00:00
solano,100.0% (187 of 187) precincts reporting,45651,36.0,81042,64.0,"September 15, 2021, 5:15 p.m.",2021-09-16T02:19:26+00:00
statewide,"100.0% (18,185 of 18,185) precincts reporting",3336480,36.2,5887710,63.8,"September 15, 2021, 5:29 p.m.",2021-09-16T02:19:26+00:00
tuolumne,100.0% (41 of 41) precincts reporting,14849,61.0,9506,39.0,"September 15, 2021, 4:39 p.m.",2021-09-16T02:19:26+00:00
imperial,100.0% (219 of 219) precincts reporting,5862,38.1,9535,61.9,"September 16, 2021, 12:38 p.m.",2021-09-16T21:28:18+00:00
statewide,"100.0% (18,185 of 18,185) precincts reporting",3336770,36.2,5888415,63.8,"September 16, 2021, 12:38 p.m.",2021-09-16T21:28:18+00:00
trinity,100.0% (25 of 25) precincts reporting,2079,54.3,1747,45.7,"September 16, 2021, 11:46 a.m.",2021-09-16T21:28:18+00:00
amador,100.0% (30 of 30) precincts reporting,12783,65.0,6893,35.0,"September 16, 2021, 1:19 p.m.",2021-09-16T23:26:12+00:00
glenn,100.0% (34 of 34) precincts reporting,6169,71.8,2422,28.2,"September 16, 2021, 3:35 p.m.",2021-09-16T23:26:12+00:00
san-bernardino,"100.0% (1,749 of 1,749) precincts reporting",204347,48.2,219870,51.8,"September 16, 2021, 4:09 p.m.",2021-09-16T23:26:12+00:00
san-luis-obispo,100.0% (93 of 93) precincts reporting,28645,40.1,42709,59.9,"September 16, 2021, 3:35 p.m.",2021-09-16T23:26:12+00:00
sierra,100.0% (23 of 23) precincts reporting,1056,63.3,611,36.7,"September 16, 2021, 3:18 p.m.",2021-09-16T23:26:12+00:00
siskiyou,100.0% (54 of 54) precincts reporting,10527,61.8,6513,38.2,"September 16, 2021, 4:10 p.m.",2021-09-16T23:26:12+00:00
statewide,"100.0% (18,185 of 18,185) precincts reporting",3380272,36.3,5934240,63.7,"September 16, 2021, 4:10 p.m.",2021-09-16T23:26:12+00:00
ventura,100.0% (697 of 697) precincts reporting,112032,41.3,159045,58.7,"September 16, 2021, 2:41 p.m.",2021-09-16T23:26:12+00:00
alameda,100.0% (521 of 521) precincts reporting,71045,17.6,333028,82.4,"September 16, 2021, 4:49 p.m.",2021-09-17T02:20:52+00:00
imperial,100.0% (219 of 219) precincts reporting,6296,37.9,10296,62.1,"September 16, 2021, 5:04 p.m.",2021-09-17T02:20:52+00:00
lassen,100.0% (57 of 57) precincts reporting,7958,84.3,1486,15.7,"September 16, 2021, 5:21 p.m.",2021-09-17T02:20:52+00:00
orange,"100.0% (1,801 of 1,801) precincts reporting",447256,47.6,491991,52.4,"September 16, 2021, 5:07 p.m.",2021-09-17T02:20:52+00:00
riverside,100.0% (763 of 763) precincts reporting,272184,48.3,290914,51.7,"September 16, 2021, 5:51 p.m.",2021-09-17T02:20:52+00:00
san-francisco,100.0% (611 of 611) precincts reporting,40110,13.6,254675,86.4,"September 16, 2021, 6:19 p.m.",2021-09-17T02:20:52+00:00
san-mateo,100.0% (338 of 338) precincts reporting,52439,21.3,193632,78.7,"September 16, 2021, 4:45 p.m.",2021-09-17T02:20:52+00:00
santa-cruz,100.0% (85 of 85) precincts reporting,16838,20.2,66382,79.8,"September 16, 2021, 6:49 p.m.",2021-09-17T02:20:52+00:00
solano,100.0% (187 of 187) precincts reporting,50152,36.6,86767,63.4,"September 16, 2021, 5:43 p.m.",2021-09-17T02:20:52+00:00
statewide,"100.0% (18,185 of 18,185) precincts reporting",3457005,36.3,6070494,63.7,"September 16, 2021, 6:49 p.m.",2021-09-17T02:20:52+00:00
tehama,100.0% (33 of 33) precincts reporting,7365,70.9,3027,29.1,"September 16, 2021, 6:39 p.m.",2021-09-17T02:20:52+00:00
tulare,100.0% (83 of 83) precincts reporting,49656,60.1,32911,39.9,"September 16, 2021, 5:45 p.m.",2021-09-17T02:20:52+00:00
el-dorado,100.0% (103 of 103) precincts reporting,47156,57.3,35197,42.7,"September 17, 2021, 11:13 a.m.",2021-09-17T20:23:39+00:00
inyo,100.0% (20 of 20) precincts reporting,3127,51.5,2944,48.5,"September 17, 2021, 10:57 a.m.",2021-09-17T20:23:39+00:00
kern,100.0% (727 of 727) precincts reporting,67807,57.9,49244,42.1,"September 17, 2021, 1:08 p.m.",2021-09-17T20:23:39+00:00
modoc,100.0% (21 of 21) precincts reporting,2508,78.0,706,22.0,"September 17, 2021, 10:47 a.m.",2021-09-17T20:23:39+00:00
statewide,"100.0% (18,185 of 18,185) precincts reporting",3483136,36.4,6087471,63.6,"September 17, 2021, 1:08 p.m.",2021-09-17T20:23:39+00:00
contra-costa,100.0% (958 of 958) precincts reporting,124624,28.5,312908,71.5,"September 17, 2021, 4:15 p.m.",2021-09-17T23:23:34+00:00
kings,100.0% (30 of 30) precincts reporting,18037,63.7,10285,36.3,"September 17, 2021, 2:55 p.m.",2021-09-17T23:23:34+00:00
los-angeles,"100.0% (2,799 of 2,799) precincts reporting",730463,29.3,1760953,70.7,"September 17, 2021, 4:03 p.m.",2021-09-17T23:23:34+00:00
nevada,100.0% (112 of 112) precincts reporting,21606,44.6,26891,55.4,"September 17, 2021, 4:05 p.m.",2021-09-17T23:23:34+00:00
sacramento,100.0% (602 of 602) precincts reporting,135698,36.6,235299,63.4,"September 17, 2021, 2:21 p.m.",2021-09-17T23:23:34+00:00
san-benito,100.0% (18 of 18) precincts reporting,7635,41.7,10655,58.3,"September 17, 2021, 3:55 p.m.",2021-09-17T23:23:34+00:00
san-bernardino,"100.0% (1,749 of 1,749) precincts reporting",219809,48.5,233410,51.5,"September 17, 2021, 4:03 p.m.",2021-09-17T23:23:34+00:00
san-francisco,100.0% (611 of 611) precincts reporting,43835,13.8,274730,86.2,"September 17, 2021, 4:03 p.m.",2021-09-17T23:23:34+00:00
shasta,100.0% (98 of 98) precincts reporting,35678,66.6,17870,33.4,"September 17, 2021, 2:22 p.m.",2021-09-17T23:23:34+00:00
siskiyou,100.0% (54 of 54) precincts reporting,11125,62.0,6823,38.0,"September 17, 2021, 2:08 p.m.",2021-09-17T23:23:34+00:00
statewide,"100.0% (18,185 of 18,185) precincts reporting",3648328,36.3,6395369,63.7,"September 17, 2021, 4:15 p.m.",2021-09-17T23:23:34+00:00
yolo,100.0% (32 of 32) precincts reporting,17153,29.3,41372,70.7,"September 17, 2021, 1:56 p.m.",2021-09-17T23:23:34+00:00
alameda,100.0% (521 of 521) precincts reporting,89893,18.1,407671,81.9,"September 17, 2021, 4:49 p.m.",2021-09-18T00:12:58+00:00
calaveras,100.0% (29 of 29) precincts reporting,14559,64.5,8018,35.5,"September 17, 2021, 4:21 p.m.",2021-09-18T00:12:58+00:00
fresno,100.0% (279 of 279) precincts reporting,105679,50.5,103726,49.5,"September 17, 2021, 4:33 p.m.",2021-09-18T00:12:58+00:00
imperial,100.0% (219 of 219) precincts reporting,6591,37.5,11000,62.5,"September 17, 2021, 4:57 p.m.",2021-09-18T00:12:58+00:00
inyo,100.0% (20 of 20) precincts reporting,3777,54.6,3140,45.4,"September 17, 2021, 4:36 p.m.",2021-09-18T00:12:58+00:00
marin,100.0% (104 of 104) precincts reporting,18478,16.4,93865,83.6,"September 17, 2021, 4:55 p.m.",2021-09-18T00:12:58+00:00
napa,100.0% (191 of 191) precincts reporting,12051,30.0,28171,70.0,"September 17, 2021, 4:51 p.m.",2021-09-18T00:12:58+00:00
santa-clara,100.0% (509 of 509) precincts reporting,143007,25.4,420619,74.6,"September 17, 2021, 4:55 p.m.",2021-09-18T00:12:58+00:00
stanislaus,100.0% (87 of 87) precincts reporting,67182,53.3,58807,46.7,"September 17, 2021, 4:33 p.m.",2021-09-18T00:12:58+00:00
statewide,"100.0% (18,185 of 18,185) precincts reporting",3723942,36.2,6549401,63.8,"September 17, 2021, 4:57 p.m.",2021-09-18T00:12:58+00:00
lassen,100.0% (57 of 57) precincts reporting,8414,84.2,1573,15.8,"September 17, 2021, 5:25 p.m.",2021-09-18T02:23:53+00:00
monterey,100.0% (188 of 188) precincts reporting,27122,29.4,65198,70.6,"September 17, 2021, 5:29 p.m.",2021-09-18T02:23:53+00:00
orange,"100.0% (1,801 of 1,801) precincts reporting",485143,48.0,525255,52.0,"September 17, 2021, 5:09 p.m.",2021-09-18T02:23:53+00:00
riverside,100.0% (763 of 763) precincts reporting,292144,48.8,306394,51.2,"September 17, 2021, 5:49 p.m.",2021-09-18T02:23:53+00:00
san-diego,"100.0% (1,825 of 1,825) precincts reporting",418633,41.9,581567,58.1,"September 17, 2021, 5:13 p.m.",2021-09-18T02:23:53+00:00
santa-cruz,100.0% (85 of 85) precincts reporting,19125,20.6,73845,79.4,"September 17, 2021, 6:04 p.m.",2021-09-18T02:23:53+00:00
solano,100.0% (187 of 187) precincts reporting,55368,37.2,93624,62.8,"September 17, 2021, 5:19 p.m.",2021-09-18T02:23:53+00:00
sonoma,100.0% (324 of 324) precincts reporting,38937,23.1,129295,76.9,"September 17, 2021, 5:33 p.m.",2021-09-18T02:23:53+00:00
statewide,"100.0% (18,185 of 18,185) precincts reporting",3855596,36.5,6703848,63.5,"September 17, 2021, 6:04 p.m.",2021-09-18T02:23:53+00:00
